,match_id,card_type
77,1755,y2
88,1757,r
111,1764,y2
114,1764,r
115,1764,r
145,1773,y2
169,1781,y2
209,1794,y2
246,1808,r
280,1820,y2
288,1822,r
310,1828,y2
345,1836,y2
350,1837,r
366,1842,y2
389,1851,r
413,1857,r
478,1873,r
485,1874,y2
492,1876,r
504,1882,r
514,1883,y2
542,1891,r
566,1898,r
569,1899,r
576,1900,y2
616,1914,r
651,1927,r
653,1927,y2
673,1933,y2
675,1933,r
697,1939,r
714,1945,y2
745,1955,r
762,1959,r
771,1962,r
781,1964,r
788,1964,y2
820,1974,y2
833,1978,y2
925,2008,r
929,2009,r
952,2015,r
998,2031,r
1006,2033,r
1024,2043,y2
1025,2045,r
1037,2049,y2
1044,2051,r
1047,2052,r
1062,2058,y2
1113,2072,r
1127,2075,y2
1136,2076,y2
1173,2083,r
1200,2091,y2
1205,2092,y2
1208,2094,r
1220,2098,r
1224,2098,r
1230,2100,y2
1237,2101,r
1283,2116,
1290,2118,
1294,2121,
1310,2124,y2
1322,2127,y2
1323,2127,y2
1330,2131,r
1331,2131,r
1335,2132,r
1336,2132,y2
1341,2133,y2
1343,2134,r
1348,2135,
1351,2135,y2
1361,2138,r
1362,2138,
1364,2138,y2
1365,2139,
1373,2140,y2
1379,2142,
1398,2146,
1399,2147,
1400,2147,
1409,2148,
1425,2154,r
1436,2158,
1437,2158,
1448,2160,r
1451,2161,
1476,2169,
1478,2169,
1481,2169,
1496,2174,
1500,2175,
1501,2175,
1527,2181,
1528,2181,
1529,2181,
1541,2184,
1550,2187,y2
1559,2188,y2
1569,2190,y2
1574,2193,
1575,2193,
1576,2193,
1592,2199,
1593,2199,
1597,2199,
1599,2200,
1609,2203,r
1620,2204,r
1640,2212,
1642,2213,y2
1649,2217,y2
1667,2221,y2
1693,2229,
1704,2231,
1710,2233,y2
1713,2233,
1742,2243,
1749,2246,
1750,2246,y2
1754,2247,y2
1771,2252,y2
1772,2252,y2
1780,2256,
1791,2260,
1796,2261,r
1804,2263,
1822,2270,
1825,2271,
1841,2276,
1857,2280,y2
1858,2280,
1859,2280,
1885,2287,r
1889,2287,y2
1895,2288,
1904,2291,
1911,2293,
1915,2294,r
1919,2294,y2
1921,2294,
1922,2295,
1924,2295,
1928,2296,
1930,2297,
1931,2297,
1938,2300,y2
1941,2301,y2
1949,2303,
1982,2310,
1984,2310,
1985,2311,
1986,2311,r
1990,2313,
1991,2313,
2002,2315,y2
2003,2315,r
2011,2317,y2
2024,2320,y2
2037,2324,
2062,2332,
2066,2335,
2085,2341,
2095,2344,y2
2102,2347,
2103,2347,
2104,2347,
2114,2351,r
2126,2355,r
2134,2358,y2
2138,2360,
2151,2365,
2155,2366,
2179,2371,y2
2194,2376,
2200,2378,r
2220,2385,
2222,2385,
2234,2388,
2245,2390,y2
2270,2400,r
2271,2400,r
2324,2419,y2
2326,2419,y2
2327,2421,r
2382,2435,y2
2400,2441,y2
2417,2447,
2446,2454,
2466,2461,r
2488,2467,y2
2498,2469,y2
2503,2471,
2504,2471,r
2510,2472,
2511,2472,
2539,2482,
2540,2482,y2
2541,2483,
2556,2486,y2
2559,2487,r
2563,2487,y2
2566,2488,
2580,2493,r
2584,2493,y2
2592,2495,y2
2621,2503,r
2637,2508,r
2640,2508,r
2648,2510,r
2655,2512,y2
2666,2517,r
2669,2517,y2
2694,2525,r
2706,2528,r
2735,2536,y2
2743,2539,y2
2744,2539,r
2760,2546,r
2774,2553,r
2777,2553,y2
2805,2562,y2
2862,2577,y2
2880,2582,y2
2883,2582,y2
2905,2588,y2
2913,2591,r
2947,2599,r
2993,2611,r
3007,2615,r
3010,2615,r
3015,2617,r
3058,2630,r
3059,2630,r
3071,2634,r
3073,2634,y2
3093,2641,y2
3112,2650,r
3118,2652,y2
3125,2656,r
3180,2673,r
3233,2688,r
3242,2691,y2
3243,2693,r
3249,2695,r
3290,2705,r
3305,2710,r
3333,2716,r
3340,2719,r
3347,2720,r
3379,2729,r
3524,2774,y2
3529,2775,y2
3563,2784,r
3606,2795,r
3640,2803,y2
3648,2806,r
3652,2807,r
3662,2809,r
3684,2814,y2
3697,2818,y2
3709,2820,y2
3768,2836,r
3804,2847,r
3817,2850,r
3836,2855,r
3843,2857,y2
3858,2863,r
3901,2873,r
3908,2874,r
3932,2880,
3937,2881,r
3948,2885,y2
3950,2885,
4017,2908,y2
4025,2910,r
4027,2910,
4034,2912,y2
4042,2913,y2
4060,2920,y2
4066,2922,r
4076,2926,r
4091,2929,
4099,2931,y2
4105,2933,
4112,2934,r
4116,2935,y2
4125,2938,
4134,2942,
4138,2943,
4146,2945,
4155,2948,
4169,2952,
4171,2952,
4177,2953,y2
4193,2959,r
4202,2963,r
4208,2965,
4216,2969,
4230,2975,r
4243,2979,y2
4263,2985,r
4270,2986,y2
4292,2992,y2
4295,2993,y2
4300,2995,r
4317,3000,r
4344,3009,
4367,3018,r
4381,3022,y2
4399,3029,
4400,3029,r
4416,3035,r
4420,3036,r
4460,3049,y2
4464,3051,
4476,3055,y2
4486,3058,
4500,3063,r
4502,3063,
4503,3063,r
4517,3068,r
4534,3072,r
4541,3074,y2
4543,3075,
4562,3081,
4579,3088,y2
4596,3091,r
4604,3093,y2
4621,3099,
4636,3104,
4637,3104,y2
4647,3106,r
4669,3114,r
4690,3119,y2
4691,3119,
4699,3123,r
4713,3128,r
4719,3130,r
4744,3138,r
4766,3144,
4768,3145,
4775,3148,
4788,3150,y2
4808,3157,
4809,3157,y2
4843,3170,r
4872,3180,
4873,3180,r
4874,3181,r
4906,3192,
4909,3194,
4930,3201,r
4938,3203,
4952,3207,y2
4956,3207,y2
4962,3209,r
4965,3210,r
4986,3213,y2
4999,3215,y2
5005,3218,y2
5015,3222,r
5019,3223,
5086,3240,r
5105,3245,r
5117,3247,r
5118,3247,r
5147,3255,
5148,3255,y2
5155,3256,r
5167,3260,r
5172,3261,y2
5235,3279,r
5239,3280,r
5322,3313,r
5346,3320,y2
5406,3341,
5434,3347,r
5435,3347,r
5467,3359,r
5502,3373,
5506,3374,r
5520,3377,
5521,3377,r
5548,3389,r
5553,3389,r
5679,3426,r
5711,3436,y2
5737,3443,
5741,3446,r
5830,3474,r
5832,3475,r
5853,3481,
5854,3481,r
5864,3485,r
5884,3492,r
5904,3497,r
5931,3504,r
5946,3508,r
5987,3519,r
5990,3519,r
6033,3530,r
6052,3534,y2
6059,3536,r
6060,3536,r
6061,3536,r
6081,3541,r
6092,3544,r
6113,3550,y2
6114,3550,y2
6127,3555,y2
6132,3557,y2
6157,3565,y2
6175,3572,r
6191,3580,r
6206,3584,y2
6235,3595,y2
6244,3598,r
6299,3609,
6309,3613,y2
6311,3613,
6313,3614,r
6322,3615,
6330,3617,r
6341,3619,r
6344,3620,y2
6348,3621,r
6349,3621,y2
6390,3629,y2
6402,3633,r
6421,3640,r
6431,3643,r
6432,3643,r
6507,3663,r
6513,3666,r
6592,3692,r
6642,3707,r
6671,3716,r
6685,3722,r
6692,3723,y2
6698,3725,y2
6699,3725,r
6766,3743,r
6778,3747,
6792,3750,y2
6794,3751,r
6829,3758,r
6838,3760,y2
6871,3770,r
6885,3774,y2
6904,3780,r
6911,3783,r
6912,3783,r
6913,3783,
6915,3784,r
6922,3785,y2
6933,3788,r
6971,3798,r
6983,3804,
6991,3806,r
7089,3837,r
7101,3841,r
7117,3846,r
7122,3848,r
7135,3852,r
7169,3860,y2
7172,3860,r
7178,3863,r
7188,3864,y2
7222,3871,r
7227,3874,r
7238,3876,
7239,3876,
7241,3876,y2
7324,3902,r
7335,3907,y2
7395,3925,y2
7401,3926,r
7437,3938,r
7454,3942,y2
7455,3942,r
7487,3953,r
7532,3968,y2
7570,3978,y2
7620,3993,
7628,3995,r
7648,4001,r
7680,4009,y2
7710,4018,r
7712,4018,y2
7718,4020,r
7726,4022,y2
7732,4023,y2
7738,4026,y2
7768,4031,
7801,4036,r
7808,4040,
7812,4041,r
7823,4044,r
7866,4053,y2
7888,4058,y2
7893,4059,
7899,4061,r
7931,4069,r
7952,4073,y2
7956,4074,y2
7965,4076,y2
7969,4078,r
7984,4081,r
8011,4088,r
8017,4089,r
8027,4091,y2
8051,4099,r
8075,4106,
8086,4109,r
8089,4109,
8092,4110,y2
8093,4110,r
8112,4115,y2
8133,4119,y2
8144,4123,r
8168,4130,y2
8188,4134,r
8224,4144,r
8225,4144,y2
8235,4146,y2
8278,4161,
8290,4165,r
8357,4178,y2
8375,4182,r
8395,4186,y2
8411,4189,y2
8415,4190,r
8422,4193,r
8456,4203,r
8478,4208,y2
8533,4223,r
8539,4224,y2
8577,4235,
8592,4241,r
8596,4242,r
8613,4249,y2
8641,4257,r
8649,4258,r
8656,4260,y2
8680,4266,y2
8707,4273,y2
8736,4280,
8772,4292,y2
8774,4292,y2
8780,4293,y2
8784,4295,r
8791,4296,y2
8800,4298,r
8832,4308,y2
8858,4317,r
8883,4324,r
8948,4342,r
8956,4343,y2
8974,4346,
8975,4346,y2
9009,4354,r
9022,4357,y2
9065,4367,
9073,4369,
9078,4371,r
9079,4371,y2
9089,4373,r
9129,4381,y2
9146,4386,
9166,4391,r
9204,4399,y2
9217,4403,y2
9230,4407,r
9234,4408,y2
9258,4412,r
9268,4414,y2
9276,4417,r
9295,4424,r
9366,4446,y2
9448,4478,r
9451,4478,r
9483,4488,
9499,4492,
9521,4496,r
9556,4505,y2
9571,4508,r
9583,4512,r
9589,4514,y2
9599,4517,r
9608,4521,r
9627,4527,r
9651,4539,r
9653,4539,
9654,4539,
9693,4554,r
9710,4558,r
9726,4565,r
9737,4569,
9741,4569,y2
9758,4573,r
9784,4580,r
9840,4598,
9848,4600,y2
9851,4601,y2
9865,4604,r
9876,4606,y2
9884,4608,y2
9924,4617,r
9927,4618,r
9943,4626,r
9949,4628,y2
9991,4640,y2
10007,4648,r
10049,4661,r
10056,4663,y2
10075,4671,y2
10116,4682,y2
10130,4686,y2
10134,4687,r
10164,4696,y2
10175,4703,r
10206,4712,y2
10208,4712,r
10216,4714,r
10224,4715,y2
10226,4716,r
10227,4716,r
10266,4726,r
10281,4730,y2
10288,4731,r
10292,4731,y2
10313,4737,r
10383,4757,y2
10398,4760,y2
10421,4767,
10445,5601,r
10476,5609,y2
10479,5610,r
10494,5614,y2
10506,5620,r
10528,5626,r
10539,5630,y2
10545,5631,y2
10557,5634,y2
10568,5636,r
10569,5637,r
10583,5650,r
10599,5654,y2
10600,5654,r
10613,5657,y2
10648,5667,r
10683,5676,y2
10705,5682,r
10736,5690,y2
10743,5692,r
10744,5692,r
10755,5693,y2
10759,5693,y2
10775,5697,y2
10796,5702,y2
10812,5707,r
10815,5707,y2
10819,5708,y2
10849,5723,y2
10856,5725,y2
10886,5733,r
10905,5739,r
10927,5743,y2
10963,5766,r
10976,5768,y2
10977,5768,y2
10991,5772,r
10992,5772,y2
11004,5775,y2
11009,5775,y2
11040,5787,r
11050,5790,y2
11062,5793,y2
11075,5796,y2
11087,5798,y2
11090,5798,r
11097,5799,y2
11135,5809,y2
11146,5814,r
11149,5814,y2
11176,5826,r
11199,5834,y2
11203,5835,y2
11221,5840,y2
11222,5840,r
11256,5943,r
11267,5945,r
11269,5946,r
11275,5947,r
11326,5960,r
11333,5961,y2
11352,5965,r
11353,5965,r
11356,5965,r
11396,5975,r
11398,5976,r
11416,5983,r
11419,5984,r
11428,5987,r
11457,5995,r
11480,6001,r
11496,6004,r
11497,6004,r
11500,6005,r
11502,6005,y2
11510,6006,y2
11530,6011,y2
11557,6029,r
11559,6029,y2
11560,6029,r
11564,6030,y2
11569,6033,r
11609,6048,y2
11615,6050,y2
11632,6054,r
11649,6059,r
11664,6060,y2
11739,6083,
11749,6085,r
11753,6086,y2
11770,6090,r
11776,6092,y2
11780,6092,r
11802,6101,r
11813,6103,y2
11831,6108,r
11832,6108,r
11859,6114,r
11860,6115,r
11862,6115,r
11876,6119,
11901,6124,r
11907,6125,r
11933,6142,r
11960,6150,y2
11987,6156,r
11992,6157,y2
11996,6158,r
12048,6173,r
12050,6173,r
12054,6173,
12056,6173,r
12073,6177,r
12076,6177,y2
12091,6181,r
12100,6184,r
12111,6186,r
12112,6186,r
12118,6188,
12120,6188,
12125,6188,r
12129,6189,r
12130,6189,r
12148,6196,r
12149,6196,r
12151,6196,r
12152,6196,r
12159,6198,
12170,6200,r
12190,6206,
12200,6209,r
12204,6209,r
12208,6210,y2
12252,6224,r
12253,6224,r
12258,6226,r
12268,6289,r
12269,6289,r
12270,6289,r
12283,6292,r
12289,6293,y2
12293,6295,r
12314,6300,y2
12326,6302,r
12338,6305,r
12341,6306,
12342,6306,
12351,6308,r
12369,6313,r
12371,6313,y2
12380,6315,r
12384,6316,r
12419,6328,r
12424,6328,y2
12432,6330,r
12450,6335,r
12453,6335,y2
12460,6337,r
12466,6338,r
12469,6339,r
12501,6348,r
12538,6356,y2
12544,6357,y2
12551,6359,y2
12574,6364,y2
12577,6365,r
12579,6365,y2
12584,6366,y2
12620,6377,y2
12622,6377,r
12631,6380,y2
12642,6384,
12643,6384,
12646,6386,r
12648,6386,r
12670,6392,r
12677,6393,r
12684,6395,r
12686,6395,y2
12698,6398,r
12706,6399,r
12711,6400,r
12713,6400,r
12725,6403,y2
12733,6405,r
12745,6409,r
12760,6413,r
12774,6417,y2
12783,6419,r
12849,6439,r
12869,6445,y2
12876,6448,y2
12881,6450,r
12884,6450,y2
12934,6469,r
12953,6473,r
12954,6473,r
12958,6474,y2
12975,6479,y2
12976,6479,r
12977,6479,r
12978,6479,r
12979,6479,r
12995,6485,y2
13000,6486,r
13035,6497,
13077,6510,
13080,6511,r
13089,6514,y2
13093,6515,r
13102,6518,r
13105,6518,
13118,6522,r
13149,6529,r
13166,6534,r
13187,6538,r
13188,6538,r
13238,6553,r
13255,6559,r
13258,6559,r
13270,6563,y2
13271,6563,r
13281,6565,r
13282,6565,r
13303,6572,r
13313,6574,r
13316,6574,r
13343,6582,r
13369,6588,y2
13378,6590,r
13390,6592,y2
13403,6597,y2
13409,6598,r
13429,6603,y2
13431,6604,r
13452,6611,r
13495,6625,r
13496,6625,r
13498,6625,r
13500,6626,r
13521,6631,r
13527,6632,r
13535,6636,r
13581,6649,r
13582,6649,r
13603,6655,r
13620,6659,r
13622,6659,r
13635,6663,r
13648,6668,
13649,6668,r
13652,6668,r
13655,6669,y2
13669,6673,y2
13675,6675,y2
13681,6676,y2
13682,6676,r
13688,6678,r
13691,6679,
13701,6681,y2
13715,6685,r
13732,6689,y2
13733,6689,r
13735,6690,r
13756,6695,y2
13762,6696,y2
13787,6702,y2
13801,6708,r
13804,6708,y2
13815,6711,y2
13818,6712,r
13820,6713,
13840,6718,r
13856,6721,y2
13915,6738,y2
13919,6739,r
13923,6741,y2
13925,6741,r
13933,6744,r
13935,6744,r
13947,6749,y2
13949,6750,r
13950,6751,r
13957,6753,y2
13972,6757,r
13974,6757,y2
13989,6762,y2
14067,6782,r
14071,6783,r
14092,6788,r
14109,6797,r
14110,6797,r
14122,6800,r
14124,6801,r
14131,6803,
14154,6810,y2
14167,6814,y2
14181,6821,r
14198,6827,
14218,6831,y2
14222,6832,y2
14260,6846,r
14265,6846,
14288,6853,r
14306,6856,r
14310,6857,
14334,6864,r
14344,6868,r
14349,6869,r
14360,6872,r
14386,6878,
14405,6883,y2
14452,6896,r
14467,6901,y2
14468,6902,r
14470,6902,r
14474,6902,
14489,6907,y2
14492,6908,r
14535,6919,r
14543,6920,y2
14544,6920,y2
14551,6921,r
14567,6927,
14600,6937,
14613,6943,y2
14621,6946,r
14656,6957,r
14657,6957,y2
14660,6958,
14669,6960,r
14678,6961,y2
14694,6965,r
14701,6967,r
14721,6973,r
14724,6973,r
14725,6973,r
14728,6974,
14729,6974,r
14758,6989,r
14767,6991,y2
14781,6993,y2
14791,6997,
14810,7002,
14842,7010,
14844,7010,y2
14878,7019,y2
14909,7029,r
14912,7029,y2
14921,7030,r
14939,7035,y2
14952,7038,
14960,7039,r
14970,7041,y2
14974,7043,r
14994,7045,y2
15026,7055,
15028,7055,y2
15042,7060,y2
15044,7060,r
15045,7060,y2
15050,7061,r
15109,7074,r
15110,7074,r
15139,7083,y2
15144,7084,r
15182,7094,r
15198,7096,y2
15201,7098,r
15214,7102,r
15267,7120,r
15277,7125,r
15283,7126,y2
15293,7130,
15323,7139,r
15331,7141,r
15350,7146,y2
15351,7146,r
15359,7147,r
15367,7149,r
15403,7160,r
15463,7178,r
15481,7183,r
15496,7189,y2
15500,7190,r
15506,7191,y2
15511,7193,r
15520,7195,y2
15539,7199,r
15556,7204,r
15573,7209,y2
15581,7212,r
15601,7217,r
15614,7220,r
15615,7220,r
15618,7221,r
15640,7226,r
15669,7234,r
15728,7247,y2
15745,7250,r
15748,7250,r
15749,7251,r
15767,7255,r
15776,7257,y2
15792,7262,r
15797,7263,r
15804,7265,r
15805,7265,r
15825,7270,y2
15846,7276,y2
15867,7283,y2
15875,7284,
15886,7287,r
15894,7288,y2
15901,7290,r
15913,7293,
15914,7293,y2
15918,7294,y2
15969,7306,r
16003,7312,r
16006,7313,r
16051,7324,r
16090,7335,r
16091,7335,r
16093,7336,r
16118,7342,y2
16135,7346,y2
16153,7350,r
16154,7351,r
16216,7370,y2
16220,7371,r
16241,7377,y2
16262,7388,
16295,7399,r
16301,7402,y2
16332,7412,r
16337,7414,y2
16339,7414,r
16346,7415,
16349,7416,r
16394,7429,r
16402,7431,y2
16425,7436,y2
16429,7437,r
16449,7441,y2
16456,7443,r
16474,7449,r
16490,7452,r
16501,7454,y2
16502,7454,y2
16514,7458,y2
16525,7460,y2
16531,7461,r
16532,7461,r
16558,7468,r
16575,7472,r
16603,7480,r
16612,7481,r
16631,7486,r
16641,7489,r
16648,7490,y2
16670,7494,y2
16676,7496,y2
16687,7497,y2
16689,7498,r
16702,7501,y2
16706,7501,y2
16735,7508,y2
16737,7508,y2
16763,7515,r
16785,7521,r
16793,7522,y2
16797,7523,y2
16803,7523,
16805,7524,
16812,7524,r
16821,7526,r
16822,7527,r
16869,7537,y2
16870,7538,r
16887,7540,r
16912,7545,y2
16923,7548,y2
16924,7548,
16943,7552,
16964,7557,r
16975,7560,r
16996,7566,r
16997,7566,r
17009,7570,r
17010,7570,
17012,7570,r
17074,7585,r
17080,7586,r
17091,7588,y2
17100,7591,r
17104,7592,y2
17107,7593,r
17124,7597,r
17129,7599,r
17138,7600,r
17148,7601,r
17151,7602,r
17153,7603,
17154,7603,r
17159,7604,y2
17165,7606,r
17166,7606,r
17167,7606,r
17191,7612,r
17234,7623,y2
17239,7623,y2
17242,7624,r
17255,7628,y2
17263,7630,r
17270,7631,r
17287,7635,r
17310,7639,
17322,7641,y2
17349,7648,y2
17367,7652,r
17400,7661,r
17427,7668,r
17489,7686,r
17509,7692,r
17510,7692,r
17525,7697,r
17527,7698,y2
17537,7701,r
17551,7704,y2
17552,7705,r
17572,7710,r
17573,7710,y2
17588,7714,r
17596,7716,r
17622,7721,r
17659,7734,y2
17660,7734,r
17669,7736,y2
17732,7750,r
17736,7751,r
17758,7757,r
17760,7757,r
17789,7764,r
17792,7764,r
17800,7766,y2
17810,7768,y2
17814,7769,r
17826,7771,r
17835,7773,y2
17844,7774,r
17862,7777,r
17883,7783,r
17890,7785,r
17894,7787,r
17895,7787,y2
17897,7787,r
17936,7794,r
17951,7797,y2
17954,7798,r
17957,7798,r
17975,7803,r
17976,7803,r
17994,7807,y2
18059,7823,y2
18074,7825,y2
18077,7826,y2
18087,7827,r
18104,7832,r
18119,7836,r
18150,7842,r
18153,7843,r
18162,7845,y2
18212,7859,r
18219,7860,r
18220,7860,y2
18270,7874,r
18273,7875,r
18298,7880,r
18306,7883,y2
18314,7884,r
18322,7887,y2
18324,7887,y2
18332,7889,y2
18334,7889,y2
18379,7900,y2
18392,7903,r
18403,7905,y2
18413,7907,r
18414,7907,y2
18426,7909,y2
18461,7915,y2
18474,7918,r
18517,7927,y2
18536,7931,y2
18563,7936,r
18564,7936,y2
18566,7937,r
18602,7945,y2
18652,7959,r
18665,7961,y2
18707,7971,y2
18750,7986,r
18759,7988,r
18760,7988,r
18792,7997,y2
18796,7998,y2
18797,7998,y2
18837,8010,y2
18871,8019,y2
18928,8033,r
18946,8037,r
18949,8038,r
18955,8039,y2
19016,8058,y2
19026,8061,y2
19033,8062,y2
19034,8062,r
19073,8073,r
19100,8081,r
19118,8085,r
19123,8087,y2
19147,8092,r
19188,8102,r
19202,8104,r
19232,8110,y2
19265,8121,r
19289,8127,r
19338,8139,y2
19404,8154,y2
19465,8168,r
19485,8172,r
19490,8173,y2
19500,8175,y2
19501,8175,
19502,8175,
19523,8179,y2
19541,8184,r
19547,8185,y2
19557,8189,r
19562,8189,
19563,8189,
19568,8191,y2
19578,8194,y2
19604,8202,
19632,8209,
19680,8224,
19759,8247,r
19802,8260,
19803,8260,
19822,8264,y2
19829,8266,r
19882,8281,r
19887,8282,y2
19891,8282,y2
19892,8283,r
19932,8297,r
19942,8300,y2
19951,8304,
19952,8304,y2
19962,8307,y2
19967,8307,y2
19973,8310,r
19982,8311,r
19985,8311,y2
19986,8312,r
20001,8315,
20011,8317,r
20022,8319,
20060,8329,
20074,8334,y2
20100,8341,r
20122,8348,r
20206,8379,r
20209,8379,y2
20271,8399,r
20279,8400,r
20301,8407,y2
20309,8408,y2
20324,8412,
20366,8424,r
20373,8427,y2
20392,8435,y2
20403,8438,y2
20428,8446,r
20438,8451,r
20442,8452,y2
20462,8457,y2
20495,8464,r
20502,8467,r
20503,8467,r
20507,8469,r
20536,8477,r
20548,8480,r
20561,8484,r
20609,8494,y2
20611,8494,y2
20666,8509,r
20719,8527,y2
20729,8530,r
20740,8535,r
20765,8541,r
20770,8542,y2
20785,8546,y2
20815,8554,y2
20816,8555,r
20863,8567,y2
20871,8569,r
20893,8576,r
20924,8581,r
20988,8600,y2
21008,8604,y2
21028,8609,y2
21030,8609,r
21044,8613,y2
21055,8616,r
21063,8617,r
21069,8618,r
21105,8627,y2
21127,8633,y2
21188,8650,r
21226,8661,y2
21245,8667,r
21262,8674,y2
21287,8682,y2
21304,8687,y2
21311,8688,r
21326,8690,y2
21335,8692,r
21339,8694,r
21369,8702,r
21378,8704,r
21393,8707,r
21396,8708,y2
21417,8714,r
21421,8714,r
21443,8719,y2
21490,8732,y2
21514,8738,
21516,8739,r
21522,8739,y2
21551,8747,r
21571,8751,r
21589,8755,r
21606,8758,r
21607,8758,y2
21622,8761,r
21656,8770,r
21661,8771,y2
21706,8782,r
21733,8788,y2
21751,8794,r
21753,8794,r
21758,8795,y2
21775,8800,y2
21789,8804,r
21790,8805,r
21793,8805,r
21841,8820,
21847,8821,r
21856,8823,r
21903,8834,y2
21905,8835,y2
21911,8835,r
21921,8838,
21927,8840,y2
21940,8843,y2
21959,8848,r
21968,8851,
22042,8873,r
22047,8874,
22053,8876,y2
22058,8877,
22071,8881,
22084,8883,y2
22088,8885,r
22089,8885,y2
22090,8885,r
22189,8914,
22201,8918,
22225,8923,y2
22251,8930,y2
22265,8936,r
22293,8943,r
22327,8952,
22345,8960,y2
22386,8978,y2
22392,8979,r
22394,8979,r
22419,8985,r
22432,8990,
22436,8993,y2
22440,8993,r
22461,8997,r
22470,9000,r
22471,9001,r
22487,9004,r
22494,9005,r
22497,9006,
22504,9008,r
22505,9008,y2
22518,9012,r
22545,9018,r
22566,9025,r
22570,9025,r
22577,9026,y2
22607,9032,r
22645,9044,r
22685,9055,y2
22705,9058,r
22708,9058,y2
22711,9059,y2
22726,9062,y2
22734,9064,y2
22744,9065,y2
22763,9070,y2
22766,9071,y2
22778,9074,
22786,9076,r
22789,9076,y2
22800,9078,y2
22818,9084,r
22828,9086,y2
22848,9092,r
22860,9094,r
22870,9095,y2
22875,9096,r
22890,9098,r
22891,9098,r
22922,9106,y2
22924,9106,y2
22928,9108,r
22945,9112,y2
22947,9112,r
22976,9118,y2
22995,9123,y2
23005,9126,r
23008,9126,
23013,9127,y2
23018,9127,y2
23033,9132,r
23042,9135,y2
23053,9138,y2
23055,9138,y2
23128,9156,r
23133,9157,r
23134,9157,r
23166,9166,y2
23172,9167,y2
23176,9167,y2
23185,9170,r
23190,9171,r
23292,9198,y2
23305,9201,r
23315,9204,y2
23362,9220,y2
23375,9224,r
23383,9226,
23416,9235,y2
23429,9239,r
23442,9243,r
23454,9246,r
23513,9258,y2
23537,9263,y2
23547,9265,r
23581,9279,r
23590,9281,r
23615,9288,y2
23618,9288,r
23628,9291,
23644,9296,r
23688,9308,r
23698,9310,r
23731,9318,y2
23815,9338,r
23841,9344,r
23844,9344,y2
23876,9353,y2
23882,9353,r
23904,9359,y2
23911,9361,r
23920,9363,y2
23931,9366,
23948,9369,
23994,9380,y2
24019,9388,y2
24033,9391,r
24039,9393,r
24041,9393,y2
24045,9394,y2
24062,9397,r
24073,9400,y2
24131,9415,
24135,9416,y2
24140,9417,y2
24188,9430,r
24203,9435,y2
24212,9437,r
24244,9445,
24260,9449,r
24269,9451,
24285,9455,
24286,9455,
24287,9455,
24288,9455,
24289,9455,
24290,9455,
24319,9460,y2
24347,9467,y2
24350,9468,
24351,9468,
24352,9468,
24360,9470,r
24377,9473,y2
24384,9475,r
24396,9478,r
24444,9492,y2
24492,9504,y2
24499,9506,y2
24500,9507,r
24505,9509,
24517,9513,r
24544,9523,r
24560,9526,y2
24569,9529,
24585,9534,r
24604,9540,r
24607,9540,r
24609,9540,y2
24610,9541,r
24613,9541,y2
24616,9541,r
24619,9542,y2
24627,9543,r
24641,9546,r
24666,9555,r
24680,9559,y2
24689,9561,y2
24719,9569,r
24722,9570,
24742,9578,y2
24745,9579,r
24773,9587,
24806,9597,y2
24831,9602,y2
24833,9603,r
24893,9618,r
24921,9627,r
24927,9628,r
24950,9634,
24952,9634,y2
24979,9641,r
24990,9644,y2
25020,9653,
25100,9672,r
25108,9674,y2
25116,9677,y2
25129,9678,y2
25164,9689,r
25167,9689,
25173,9691,
25213,9702,
25238,9710,y2
25252,9714,r
25298,9726,r
25335,9735,r
25341,9736,r
25356,9740,y2
25397,9755,r
25401,9755,y2
25429,9764,y2
25474,9773,y2
25483,9775,r
25499,9778,y2
25500,9779,
25501,9779,r
25518,9785,
25519,9785,
25520,9785,y2
25522,9785,r
25536,9788,y2
25560,9794,y2
25572,9796,r
25585,9803,r
25620,9810,y2
25630,9813,y2
25637,9815,y2
25706,9830,y2
25713,9831,y2
25717,9832,r
25747,9840,r
25779,9847,y2
25824,9857,y2
25839,9860,y2
25853,9864,r
25873,9870,r
25900,9876,
25930,9883,y2
25932,9883,y2
25934,9883,r
25955,9890,r
25979,9897,y2
25981,9897,r
25982,9897,y2
25984,9897,
25985,9898,r
26000,9901,r
26029,9910,r
26064,9919,y2
26069,9919,y2
26081,9923,
26094,9926,r
26108,9929,y2
26142,9940,
26151,9942,y2
26157,9943,r
26188,9950,r
26205,9956,y2
26207,9956,y2
26235,9963,r
26244,9965,y2
26299,9980,r
26310,9981,y2
26325,9985,r
26373,9999,y2
26386,10002,
26389,10003,y2
26428,10012,r
26440,10015,y2
26470,10024,r
26480,10026,y2
26580,10052,y2
26595,10057,y2
26611,10060,y2
26626,10063,y2
26627,10063,y2
26659,10073,y2
26669,10075,
26670,10075,
26694,10079,
26723,10086,r
26757,10096,y2
26800,10108,r
26812,10110,y2
26819,10112,r
26833,10115,y2
26865,10125,
26938,10141,y2
26966,10146,r
26967,10146,y2
26991,10152,r
27004,10154,y2
27010,10155,r
27019,10159,r
27083,10175,r
27100,10179,y2
27155,10192,
27161,10192,y2
27169,10196,
27195,10201,y2
27263,10217,r
27308,10229,y2
27380,10248,r
27401,10251,y2
27431,10257,y2
27435,10258,r
27447,10260,r
27453,10261,y2
27462,10263,y2
27488,10271,y2
27495,10272,y2
27508,10276,r
27520,10278,r
27546,10283,y2
27577,10288,y2
27579,10288,y2
27613,10296,y2
27617,10296,y2
27623,10297,r
27667,10307,r
27707,10317,y2
27762,10329,r
27766,10330,y2
27790,10334,y2
27791,10334,r
27792,10334,r
27802,10336,y2
27827,10340,y2
27839,10342,y2
27895,10353,r
27904,10355,y2
27914,10357,y2
27920,10358,y2
27943,10363,r
27948,10363,y2
27951,10364,r
27991,10375,r
28007,10377,y2
28020,10379,r
28023,10380,r
28032,10382,y2
28059,10386,r
28064,10388,r
28068,10389,y2
28071,10389,y2
28088,10393,r
28136,10405,y2
28153,10409,y2
28155,10409,y2
28159,10410,y2
28171,10412,y2
28182,10414,y2
28201,10417,y2
28220,10421,y2
28254,10429,y2
28270,10432,y2
28288,10437,r
28294,10438,r
28334,10446,r
28343,10448,y2
28385,10457,y2
28411,10463,y2
28421,10465,r
28430,10467,r
28448,10471,r
28481,10477,y2
28535,10491,r
28562,10497,y2
28564,10497,r
28565,10497,r
28573,10499,y2
28577,10499,y2
28584,10501,r
28597,10503,r
28602,10504,y2
28605,10504,r
28613,10506,y2
28624,10510,r
28629,10511,y2
28636,10512,r
28655,10517,y2
28670,10521,y2
28680,10522,y2
28696,10526,r
28706,10528,y2
28714,10530,y2
28733,10534,y2
28735,10534,r
28736,10534,r
28742,10535,r
28767,10539,r
28773,10540,y2
28789,10543,y2
28801,10546,r
28822,10555,r
28839,10559,y2
28846,10562,r
28854,10565,r
28861,10566,r
28879,10575,y2
28882,10576,r
28909,10583,y2
28921,10584,r
28922,10585,r
28938,10588,y2
28939,10588,r
28956,10592,y2
28960,10592,r
28967,10594,y2
28990,10598,y2
28994,10598,y2
28998,10599,y2
29016,10602,y2
29027,10604,r
29030,10604,y2
29032,10605,r
29044,10606,y2
29045,10606,r
29050,10607,y2
29077,10613,r
29084,10615,y2
29130,10624,y2
29164,10631,y2
29173,10632,y2
29202,10638,y2
29256,10648,r
29283,10654,y2
29293,10656,y2
29296,10656,r
29305,10659,y2
29308,10659,y2
29314,10660,r
29355,10670,r
29371,10673,
29376,10674,
29393,10677,r
29399,10678,y2
29438,10685,y2
29458,10690,
29465,10691,y2
29469,10692,y2
29471,10692,y2
29474,10692,
29475,10692,r
29479,10693,
29482,10693,
29495,10695,r
29510,10698,y2
29522,10700,
29523,10700,
29526,10701,r
29538,10703,y2
29540,10703,r
29555,10705,y2
29562,10707,y2
29569,10709,
29575,10709,
29579,10710,y2
29593,10712,r
29598,10714,r
29618,10719,
29619,10719,
29641,10722,y2
29661,10725,
29662,10725,
29686,10731,
29693,10731,
29698,10732,
29699,10732,r
29702,10733,
29709,10734,y2
29717,10736,
29730,10738,y2
29732,10738,r
29735,10739,y2
29743,10740,
29744,10740,r
29760,10744,y2
29762,10745,r
29775,10748,r
29787,10750,y2
29797,10752,y2
29802,10753,y2
29853,10764,
29856,10764,
29857,10764,
29858,10765,r
29862,10766,r
29883,10769,y2
29885,10769,r
29899,10772,
29902,10772,y2
29912,10773,r
29917,10774,
29923,10775,r
29938,10777,r
29944,10779,y2
29957,10781,y2
29973,10784,y2
29976,10785,
29980,10785,
30003,10791,y2
30007,10793,y2
30027,10797,y2
30044,10801,
30054,10803,r
30080,10808,y2
30084,10809,r
30096,10811,r
30107,10815,r
30108,10815,
30109,10815,
30110,10815,y2
30113,10815,y2
30118,10816,r
30131,10820,y2
30132,10820,y2
30141,10821,
30142,10821,
30167,10826,y2
30180,10827,y2
30187,10830,
30194,10831,r
30210,10835,y2
30219,10836,y2
30223,10837,r
30245,10841,
30252,10842,y2
30333,10857,y2
30343,10860,r
30347,10860,y2
30349,10860,r
30353,10861,
30357,10862,
30370,10865,y2
30381,10867,r
30396,10870,
30403,10872,r
30409,10873,y2
30441,10880,r
30457,10883,
30461,10883,
30518,10895,y2
30538,10899,
30581,10905,r
30598,10908,y2
30604,10910,y2
30615,10912,r
30639,10915,r
30660,10919,r
30663,10920,y2
30671,10922,y2
30679,10924,r
30688,10927,r
30695,10928,y2
30716,10933,y2
30725,10935,y2
30751,10943,y2
30768,10948,r
30771,10949,y2
30793,10956,r
30849,10971,
30852,10972,
30853,10972,
30858,10973,y2
30880,10977,r
30898,10981,y2
30926,10987,y2
30942,10989,y2
30964,10994,
30965,10994,
30973,10996,r
30992,10999,r
31000,11001,y2
31001,11001,y2
31014,11003,y2
31021,11005,r
31038,11008,r
31046,11009,y2
31058,11011,
31059,11011,
31073,11014,y2
31078,11015,r
31120,11025,r
31122,11025,y2
31149,11032,y2
31197,11044,r
31198,11044,y2
31223,11050,y2
31235,11053,y2
31240,11054,r
31241,11054,y2
31267,11059,y2
31276,11062,r
31286,11063,r
31291,11064,r
31319,11075,y2
31341,11081,r
31352,11084,y2
31384,11092,r
31387,11092,r
31390,11093,y2
31396,11094,y2
31419,11099,y2
31435,11103,r
31453,11109,y2
31454,11110,r
31481,11116,y2
31499,11120,r
31501,11120,y2
31502,11120,y2
31549,11134,r
31550,11135,r
31589,11146,r
31598,11147,y2
31626,11152,r
31627,11152,r
31643,11155,y2
31664,11159,r
31665,11159,y2
31678,11162,y2
31763,11180,r
31767,11181,y2
31865,11202,y2
31869,11203,y2
31876,11204,y2
31877,11205,r
31880,11205,y2
31890,11207,r
31891,11207,r
31892,11207,r
31898,11208,y2
31924,11215,y2
31925,11215,r
31944,11218,y2
31988,11228,r
31993,11229,y2
32002,11230,y2
32014,11232,r
32015,11232,r
32025,11234,r
32036,11236,r
32037,11236,y2
32078,11245,y2
32082,11245,r
32099,11249,y2
32104,11250,y2
32132,11257,r
32156,11261,r
32160,11261,y2
32205,11271,r
32215,11273,y2
32223,11275,y2
32228,11276,r
32229,11276,r
32232,11276,r
32253,11282,r
32264,11284,r
32277,11288,r
32282,11288,r
32309,11293,r
32310,11293,r
32312,11294,r
32331,11297,r
32341,11299,r
32351,11303,r
32355,11303,r
32356,11303,r
32362,11304,y2
32377,11309,r
32386,11310,y2
32388,11310,y2
32402,11312,y2
32415,11315,y2
32421,11317,r
32424,11317,r
32455,11329,r
32503,11345,y2
32528,11349,y2
32579,11360,r
32582,11361,y2
32589,11363,r
32595,11364,r
32641,11373,r
32653,11377,y2
32669,11379,y2
32678,11380,y2
32711,11387,r
32712,11387,r
32717,11388,y2
32718,11388,y2
32722,11389,y2
32758,11398,r
32770,11403,r
32779,11405,
32780,11405,
32797,11409,y2
32824,11414,r
32832,11416,
32843,11418,y2
32894,11430,r
32898,11430,r
32937,11439,r
32952,11443,r
32956,11444,y2
32961,11445,y2
32977,11450,r
32979,11450,y2
32980,11450,r
32985,11451,y2
32991,11452,r
33005,11456,y2
33007,11456,y2
33011,11457,y2
33040,11463,y2
33046,11464,
33118,11478,y2
33123,11479,r
33140,11485,r
33143,11485,
33147,11486,y2
33172,11491,r
33182,11493,y2
33184,11493,
33189,11495,
33206,11498,
33250,11508,y2
33255,11509,y2
33266,11511,r
33268,11512,r
33282,11516,r
33291,11517,y2
33348,11530,r
33372,11537,r
33386,11538,y2
33401,11541,r
33406,11542,r
33419,11546,r
33433,11548,
33449,11551,y2
33460,11554,y2
33470,11557,y2
33484,11559,y2
33501,11563,
33505,11563,
33509,11563,r
33515,11564,y2
33519,11565,
33526,11566,r
33532,11567,r
33540,11568,y2
33544,11570,r
33558,11571,r
33562,11572,r
33565,11572,r
33602,11581,y2
33603,11581,y2
33612,11584,r
33626,11587,y2
33631,11587,r
33634,11589,r
33636,11589,r
33643,11590,
33646,11590,r
33723,11606,y2
33736,11609,r
33737,11609,r
33753,11613,y2
33770,11616,r
33784,11618,r
33790,11619,y2
33820,11625,r
33842,11628,y2
33848,11629,y2
33886,11638,r
33891,11639,y2
33928,11646,y2
33954,11652,r
33978,11659,
33992,11661,r
33994,11662,
34007,11664,y2
34021,11669,y2
34074,11679,y2
34075,11679,r
34088,11681,r
34095,11682,
34105,11683,r
34106,11683,r
34120,11688,
34125,11689,r
34161,11699,y2
34172,11700,y2
34185,11702,r
34200,11706,r
34215,11709,r
34217,11710,
34236,11714,y2
34253,11717,y2
34260,11718,y2
34277,11721,y2
34281,11721,y2
34296,11725,y2
34309,11728,r
34323,11730,r
34331,11731,r
34366,11739,
34438,11756,r
34484,11766,y2
34485,11767,r
34499,11769,r
34518,11773,y2
34557,11782,y2
34576,11785,r
34589,11787,y2
34601,11789,r
34604,11789,y2
34636,11795,r
34637,11795,y2
34638,11795,y2
34639,11795,r
34647,11797,r
34685,11803,y2
34687,11803,r
34699,11805,y2
34708,11807,y2
34736,11813,r
34750,11816,y2
34754,11816,r
34760,11817,r
34768,11818,y2
34778,11820,r
34786,11822,r
34810,11826,y2
34826,11829,y2
34869,11837,y2
34877,11839,
34879,11839,y2
34907,11844,y2
34909,11844,
34929,11847,y2
34947,11851,r
34956,11853,r
34963,11855,r
34988,11858,y2
34992,11859,y2
35001,11860,
35003,11860,r
35004,11860,y2
35018,11862,y2
35031,11864,y2
35040,11866,y2
35057,11868,y2
35078,11872,y2
35083,11873,r
35085,11874,r
35099,11875,y2
35118,11878,r
35151,11886,y2
35187,11893,y2
35203,11896,r
35214,11898,y2
35237,11900,r
35276,11909,r
35324,11919,y2
35361,11927,r
35392,11935,r
35409,11938,y2
35429,11942,y2
35436,11944,r
35437,11944,r
35447,11946,r
35457,11948,y2
35471,11951,r
35511,11958,y2
35528,11961,r
35532,11962,r
35560,11968,y2
35564,11969,
35575,11971,y2
35584,11974,r
35631,11983,y2
35664,11988,r
35673,11989,y2
35690,11993,y2
35701,11995,
35705,11995,r
35731,11999,y2
35735,12000,r
35752,12003,r
35775,12007,r
35787,12010,r
35799,12011,y2
35807,12012,y2
35856,12020,r
35876,12024,y2
35891,12027,r
35910,12030,y2
35917,12031,y2
35933,12034,r
35952,12039,r
35966,12043,r
36035,12061,r
36040,12061,r
36046,12062,r
36069,12071,y2
36070,12071,y2
36092,12076,r
36095,12078,r
36116,12082,r
36128,12084,y2
36131,12084,y2
36156,12089,y2
36164,12091,r
36172,12092,y2
36186,12096,
36188,12096,r
36193,12097,y2
36201,12098,y2
36221,12101,y2
36233,12103,y2
36243,12105,y2
36263,12109,
36268,12109,y2
36301,12115,r
36336,12123,r
36343,12124,y2
36358,12126,y2
36368,12127,y2
36369,12127,r
36376,12129,y2
36379,12130,y2
36389,12131,r
36410,12134,y2
36421,12136,
36458,12143,r
36472,12146,y2
36482,12147,y2
36483,12147,y2
36493,12150,y2
36522,12154,r
36536,12158,y2
36554,12162,y2
36585,12168,y2
36586,12168,y2
36587,12168,
36606,12172,y2
36610,12173,
36611,12173,r
36636,12178,r
36653,12181,r
36660,12182,y2
36685,12187,r
36698,12189,r
36724,12194,y2
36737,12196,y2
36745,12197,r
36754,12199,
36770,12201,y2
36822,12212,y2
36860,12219,r
36921,12229,r
36922,12229,r
36955,12237,r
36963,12241,y2
36971,12242,y2
36974,12242,y2
36976,12242,y2
37008,12249,y2
37011,12250,y2
37026,12255,r
37044,12259,y2
37054,12261,y2
37079,12265,
37080,12265,y2
37082,12266,
37095,12270,r
37170,12285,y2
37221,12297,
37234,12299,r
37238,12299,y2
37239,12299,r
37249,12300,
37261,12302,y2
37289,12307,
37295,12308,y2
37299,12308,r
37300,12308,r
37320,12311,y2
37340,12315,y2
37343,12316,y2
37351,12317,y2
37361,12320,
37368,12322,r
37382,12325,y2
37388,12326,y2
37401,12328,
37412,12330,
37431,12335,y2
37432,12335,
37434,12335,y2
37443,12336,
37460,12340,y2
37467,12342,r
37486,12347,r
37501,12350,y2
37520,12355,r
37544,12359,
37546,12360,y2
37549,12361,
37584,12367,y2
37601,12371,r
37607,12372,y2
37634,12379,
37639,12380,y2
37685,12391,y2
37700,12393,
37719,12397,y2
37723,12398,
37730,12399,r
37744,12401,y2
37759,12403,y2
37782,12408,y2
37796,12410,y2
37820,12414,y2
37830,12416,r
37839,12418,r
37858,12423,r
37859,12423,
37875,12427,r
37887,12428,r
37889,12428,y2
37890,12429,
37922,12434,r
37927,12435,y2
37932,12435,r
37946,12437,r
37968,12443,r
37971,12443,y2
38000,12453,y2
38001,12453,r
38002,12453,r
38018,12456,r
38057,12462,y2
38065,12463,r
38086,12468,y2
38102,12471,r
38110,12472,
38114,12472,y2
38188,12488,y2
38190,12488,
38195,12489,y2
38209,12492,r
38213,12492,y2
38228,12496,r
38269,12502,y2
38279,12504,r
38310,12511,r
38321,12513,r
38329,12514,y2
38356,12520,y2
38374,12523,r
38394,12527,y2
38399,12528,r
38401,12528,
38442,12535,r
38462,12539,y2
38468,12541,
38481,12543,y2
38494,12545,r
38509,12549,y2
38553,12559,y2
38557,12560,r
38559,12560,y2
38563,12561,y2
38565,12561,y2
38577,12563,y2
38612,12569,r
38635,12573,y2
38640,12573,y2
38649,12575,y2
38654,12576,r
38662,12577,y2
38665,12578,r
38684,12582,r
38688,12582,r
38741,12591,y2
38751,12592,y2
38777,12597,y2
38779,12597,y2
38795,12599,r
38808,12602,y2
38820,12603,y2
38821,12603,y2
38834,12605,y2
38874,12614,y2
38938,12627,y2
38948,12629,r
38961,12633,y2
38964,12633,y2
38998,12638,
39005,12639,r
39011,12640,r
39025,12642,y2
39034,12644,y2
39040,12646,r
39042,12646,y2
39050,12647,y2
39063,12649,y2
39064,12649,y2
39092,12657,y2
39101,12658,r
39150,12666,r
39169,12669,y2
39207,12676,
39230,12680,y2
39241,12682,r
39273,12688,y2
39314,12694,
39318,12695,y2
39324,12696,y2
39342,12700,y2
39369,12706,
39403,12711,y2
39413,12712,r
39420,12713,r
39426,12714,r
39431,12715,y2
39467,12721,y2
39475,12723,
39477,12724,r
39493,12726,y2
39495,12726,
39505,12728,r
39531,12733,r
39532,12733,r
39557,12738,y2
39565,12740,
39597,12747,y2
39635,12754,y2
39637,12754,y2
39674,12759,r
39686,12761,y2
39712,12766,r
39748,12774,r
39767,12776,r
39769,12776,y2
39774,12777,
39780,12778,y2
39786,12779,y2
39794,12780,y2
39797,12780,r
39851,12791,r
39858,12792,
39868,12794,r
39870,12794,
39871,12794,r
39875,12795,r
39891,12799,r
39894,12799,r
39905,12801,
39947,12811,y2
39952,12811,r
39974,12817,y2
39989,12820,r
40008,12823,y2
40011,12824,r
40013,12824,r
40022,12826,y2
40033,12828,r
40040,12829,r
40064,12835,y2
40109,12845,r
40123,12848,y2
40125,12848,
40151,12853,y2
40171,12857,r
40172,12857,r
40177,12858,y2
40178,12858,y2
40195,12861,y2
40219,12865,y2
40240,12868,y2
40253,12870,y2
40263,12872,r
40270,12874,r
40281,12875,y2
40318,12884,y2
40338,12888,y2
40360,12893,r
40366,12895,y2
40381,12898,y2
40398,12902,y2
40413,12905,y2
40417,12906,y2
40418,12906,r
40440,12911,y2
40445,12912,y2
40481,12919,y2
40516,12925,y2
40596,12938,r
40597,12938,r
40623,12943,r
40636,12946,r
40641,12946,
40642,12947,r
40652,12949,y2
40665,12951,r
40666,12951,y2
40667,12951,y2
40669,12952,
40678,12954,r
40698,12958,r
40707,12960,y2
40720,12962,
40736,12964,r
40738,12964,r
40743,12966,r
40745,12966,y2
40760,12969,r
40794,12974,y2
40796,12974,r
40821,12980,r
40823,12980,y2
40828,12981,r
40838,12983,y2
40891,12992,y2
40943,13002,r
40956,13004,
40983,13011,r
40986,13011,y2
40996,13013,y2
41027,13019,r
41030,13020,r
41035,13021,y2
41041,13022,y2
41054,13026,y2
41058,13027,y2
41060,13027,r
41074,13030,y2
41122,13040,y2
41125,13040,r
41150,13044,y2
41159,13045,y2
41181,13048,r
41194,13051,y2
41216,13054,y2
41232,13057,y2
41256,13061,y2
41291,13069,y2
41292,13069,r
41293,13069,r
41322,13075,y2
41323,13075,y2
41328,13076,y2
41329,13076,y2
41338,13077,y2
41394,13091,y2
41432,13100,y2
41506,13115,y2
41545,13122,y2
41552,13123,y2
41555,13123,y2
41561,13124,r
41563,13124,y2
41568,13125,y2
41601,13130,r
41605,13131,y2
41638,13138,y2
41654,13140,y2
41659,13141,y2
41670,13143,y2
41671,13143,r
41681,13144,y2
41703,13149,r
41713,13150,y2
41734,13154,r
41737,13154,r
41753,13157,y2
41795,13164,r
41813,13168,r
41816,13168,y2
41823,13169,y2
41830,13171,y2
41836,13172,y2
41849,13174,r
41854,13175,r
41859,13175,y2
41935,13190,y2
41975,13197,y2
41984,13198,y2
41985,13198,r
41989,13199,y2
42002,13200,y2
42031,13206,r
42038,13208,r
42041,13209,
42042,13209,r
42043,13209,r
42052,13210,y2
42060,13212,r
42073,13214,y2
42098,13218,y2
42124,13223,y2
42166,13230,y2
42170,13230,r
42178,13231,y2
42196,13233,y2
42214,13236,r
42220,13237,y2
42232,13238,y2
42235,13239,r
42257,13243,y2
42261,13243,r
42274,13246,y2
42276,13247,r
42329,13257,y2
42359,13262,y2
42369,13264,
42370,13264,y2
42372,13264,
42391,13267,y2
42397,13268,y2
42403,13270,r
42412,13271,y2
42431,13414,y2
42433,13612,r
42434,13612,r
42442,13756,
42451,14119,r
42467,14206,r
42472,14251,
42507,15140,
42512,15142,r
42516,15143,r
42527,15146,r
42534,15148,r
42540,15150,y2
42572,15160,y2
42578,15162,r
42599,15167,y2
42623,15172,r
42679,15190,r
42691,15196,y2
42723,15208,r
42753,15228,r
42765,15235,r
42781,15241,r
42811,15251,y2
42814,15251,y2
42815,15251,r
42818,15252,r
42837,15258,y2
42846,15260,y2
42850,15262,r
42939,15287,r
42983,15304,r
43025,15332,r
43027,15333,r
43051,15339,y2
43065,15342,r
43069,15343,y2
43089,15351,r
43099,15356,
43100,15356,
43101,15357,r
43115,15420,r
43129,15424,r
43131,15425,r
43192,15439,r
43200,15443,r
43238,15451,y2
43257,15458,r
43267,15461,y2
43296,15468,
43298,15468,y2
43301,15469,r
43315,15472,y2
43327,15476,r
43338,15480,r
43347,15483,r
43360,15486,r
43404,15499,r
43412,15500,y2
43422,15504,y2
43428,15505,y2
43457,15515,r
43481,15523,r
43508,15533,
43542,15544,y2
43552,15548,r
43578,15556,y2
43600,15562,y2
43606,15564,r
43619,15568,y2
43627,15571,y2
43655,15577,y2
43661,15580,r
43665,15582,r
43731,15601,r
43732,15601,y2
43765,15612,r
43805,15627,y2
43813,15629,r
43825,15632,r
43836,15635,r
43855,15643,y2
43866,15648,r
43959,15680,r
43964,15681,y2
43965,15681,y2
43997,15690,r
44016,15696,r
44030,15700,y2
44080,15713,y2
44107,15721,r
44166,19886,y2
44167,19886,r
44176,20041,r
44184,20102,y2
44215,20526,r
44216,20526,r
44218,20526,r
44221,20599,y2
44229,21519,r
44230,21519,r
44270,21529,y2
44290,21534,r
44302,21536,r
44351,21545,y2
44379,21552,r
44413,21558,r
44428,21561,r
44433,21562,r
44447,21564,r
44467,21567,y2
44496,21573,r
44499,21574,y2
44513,21576,y2
44543,21581,y2
44562,21585,y2
44569,21586,y2
44608,21593,y2
44618,21594,y2
44675,21603,y2
44699,21607,r
44700,21607,r
44703,21608,y2
44708,21609,r
44710,21609,y2
44717,21610,y2
44735,21613,r
44760,21617,r
44769,21618,y2
44774,21619,y2
44778,21619,y2
44799,21624,y2
44803,21625,r
44811,21626,y2
44845,21634,y2
44859,21637,r
44866,21638,y2
44881,21642,r
44909,21648,y2
44911,21648,y2
44917,21649,y2
44927,21651,r
44931,21651,r
44933,21651,y2
44936,21652,r
44942,21653,y2
44949,21654,r
44970,21658,y2
44999,21662,y2
45005,21663,r
45014,21665,y2
45023,21666,r
45054,21672,r
45057,21672,r
45058,21672,y2
45072,21674,y2
45086,21678,r
45111,21680,y2
45125,21682,r
45145,21685,r
45163,21688,r
45225,21697,r
45274,21705,y2
45277,21705,r
45282,21706,r
45284,21706,y2
45305,21710,y2
45316,21711,y2
45325,21713,r
45332,21714,y2
45338,21715,y2
45347,21716,r
45353,21716,r
45362,21718,y2
45380,21721,y2
45382,21721,y2
45413,21726,y2
45437,21730,y2
45439,21730,y2
45441,21730,r
45450,21732,y2
45457,21733,y2
45481,21737,y2
45484,21738,r
45490,21740,r
45496,21740,y2
45498,21741,y2
45522,21745,r
45523,21745,r
45539,21749,r
45562,21752,r
45571,21753,r
45587,21758,r
45588,21758,y2
45615,21763,r
45635,21766,r
45644,21768,r
45654,21771,y2
45658,21771,y2
45672,21774,y2
45673,21774,r
45674,21774,y2
45676,21774,r
45687,21775,r
45710,21779,y2
45716,21780,y2
45717,21780,y2
45747,21785,y2
45749,21785,y2
45754,21785,y2
45755,21785,r
45757,21785,y2
45765,21786,y2
45786,21792,y2
45796,21793,r
45806,21795,y2
45816,21797,y2
45822,21798,y2
45830,21798,r
45858,21805,r
45869,21806,r
45899,21811,r
45912,21813,y2
45920,21814,y2
45933,21817,y2
45934,21817,r
45957,21823,r
45962,21824,r
45988,21828,y2
45995,21830,r
46018,21835,r
46022,21835,r
46029,21838,y2
46067,21846,y2
46073,21847,r
46081,21849,r
46097,21852,r
46100,21852,y2
46105,21853,y2
46125,21856,y2
46126,21856,y2
46129,21856,y2
46153,21861,r
46203,21869,r
46205,21870,y2
46207,21870,r
46217,21871,y2
46244,21878,r
46250,21879,r
46262,21882,y2
46271,21883,r
46273,21884,r
46309,21890,y2
46320,21891,y2
46329,21893,y2
46367,21900,y2
46368,21900,y2
46376,21902,
46378,21902,
46382,21903,y2
46384,21904,r
46422,21910,y2
46431,21912,y2
46434,21912,y2
46444,21913,r
46488,21922,
46493,21922,r
46513,21926,y2
46515,21926,
46518,21927,y2
46519,21927,r
46523,21927,
46524,21927,
46526,21928,r
46540,21929,y2
46542,21930,r
46543,21930,
46547,21931,r
46556,21932,y2
46560,21933,
46567,21934,y2
46570,21934,y2
46596,21938,r
46610,21940,r
46615,21940,y2
46616,21940,
46620,21941,y2
46622,21941,y2
46635,21944,
46636,21944,y2
46640,21945,y2
46684,21955,
46698,21957,
46764,21970,
46789,21974,
46790,21975,
46791,21975,
46821,21980,
46822,21980,
46826,21981,
46832,21982,y2
46845,21985,r
46858,21988,y2
46868,21989,
46883,21992,y2
46886,21993,r
46894,21994,r
46897,21995,y2
46899,21995,y2
46917,21997,y2
46922,21998,y2
46925,21999,y2
46958,22007,
46972,22010,
46975,22010,
46977,22010,
46983,22012,y2
46985,22012,r
46990,22013,
46991,22013,
47004,22017,r
47046,22024,y2
47061,22026,y2
47071,22028,y2
47084,22030,
47101,22033,
47104,22033,
47105,22033,r
47106,22033,y2
47113,22035,r
47116,22035,y2
47120,22036,r
47125,22036,r
47132,22038,r
47141,22040,
47142,22040,r
47143,22040,
47158,22043,r
47176,22046,
47180,22047,
47181,22047,
47184,22047,
47186,22047,
47193,22048,r
47194,22048,r
47205,22050,
47209,22051,r
47213,22052,r
47216,22052,r
47218,22052,
47228,22055,y2
47242,22057,
47243,22057,
47250,22059,
47260,22061,r
47284,22065,y2
47289,22065,r
47306,22068,r
47307,22068,r
47313,22069,y2
47326,22071,
47342,22075,
47343,22075,r
47354,22076,y2
47356,22077,r
47369,22080,
47370,22080,
47385,22082,
47392,22083,r
47397,22084,y2
47408,22086,y2
47410,22086,
47411,22086,
47424,22089,y2
47435,22093,r
47439,22093,r
47443,22094,y2
47469,22100,r
47475,22100,y2
47476,22101,r
47480,22101,r
47516,22108,r
47518,22109,
47519,22109,
47528,22110,r
47543,22114,y2
47552,22116,y2
47560,22117,
47564,22117,y2
47566,22117,
47567,22117,
47577,22120,
47584,22121,y2
47585,22121,r
47592,22122,r
47598,22124,y2
47648,22133,
47665,22137,
47681,22140,
47687,22141,r
47690,22142,r
47691,22142,
47698,22144,
47704,22146,
47708,22146,r
47719,22147,r
47741,22152,r
47770,22157,y2
47771,22157,r
47780,22159,y2
47786,22159,y2
47803,22163,y2
47832,22168,y2
47833,22168,r
47841,22169,y2
47867,22172,r
47870,22172,y2
47884,22174,r
47890,22175,r
47899,22177,y2
47918,22179,y2
47942,22183,y2
47946,22183,r
47969,22190,y2
47973,22192,r
47976,22192,r
47985,22193,y2
47990,22194,y2
48020,22200,y2
48021,22200,y2
48032,22201,y2
48050,22203,y2
48053,22203,r
48060,22204,y2
48069,22207,r
48088,22211,r
48101,22214,r
48115,22217,r
48125,22220,y2
48148,22223,r
48149,22223,r
48155,22224,y2
48175,22229,
48187,22231,y2
48212,22237,r
48217,22238,r
48218,22239,r
48235,22242,r
48242,22242,y2
48243,22242,r
48271,22248,y2
48286,22251,
48307,22255,r
48311,22256,
48312,22256,
48315,22256,
48330,22260,
48332,22260,
48333,22260,
48339,22261,
48345,22262,
48346,22262,
48349,22263,y2
48353,22263,r
48356,22264,y2
48358,22264,y2
48373,22267,r
48394,22271,
48395,22271,
48399,22272,r
48441,22279,y2
48482,22286,r
48496,22289,r
48502,22290,y2
48503,22290,y2
48513,22291,y2
48551,22298,r
48566,22301,y2
48570,22301,r
48580,22302,r
48585,22303,y2
48612,22309,y2
48623,22310,y2
48652,22315,r
48654,22316,r
48675,22319,y2
48694,22321,r
48732,22328,y2
48748,22331,y2
48763,22334,y2
48786,22338,r
48790,22338,y2
48798,22339,y2
48856,22350,y2
48866,22350,r
48921,22359,y2
48936,22362,r
48947,22364,r
48949,22364,y2
48951,22364,y2
48971,22369,r
49046,22385,r
49056,22387,r
49058,22387,r
49063,22388,r
49112,22395,r
49136,22401,r
49140,22401,r
49181,22409,r
49188,22410,y2
49195,22411,r
49197,22411,y2
49199,22411,r
49207,22413,r
49216,22414,r
49217,22414,r
49242,22418,y2
49324,22430,r
49332,22432,r
49353,22436,r
49363,22437,y2
49387,22442,r
49430,22452,y2
49445,22454,y2
49446,22454,y2
49473,22460,r
49487,22463,r
49499,22464,y2
49532,22471,y2
49568,22478,y2
49571,22478,r
49578,22479,y2
49603,22484,y2
49619,22487,y2
49626,22488,r
49681,22499,r
49687,22500,y2
49710,22503,y2
49753,22513,r
49777,22517,r
49828,22527,y2
49847,22529,y2
49852,22531,r
49861,22532,y2
49866,22532,y2
49908,22539,y2
49915,22540,r
49964,22549,r
49972,22550,y2
49998,22555,y2
50006,22556,y2
50059,22567,r
50076,22570,y2
50128,22583,r
50135,22585,y2
50169,22595,y2
50205,22603,y2
50207,22603,y2
50224,22606,y2
50226,22606,r
50228,22606,y2
50234,22608,r
50237,22608,r
50249,22610,r
50264,22612,y2
50267,22613,r
50273,22614,r
50286,22616,y2
50307,22620,r
50325,22622,r
50327,22624,r
50359,22629,y2
50380,22632,r
50384,22632,y2
50385,22632,r
50401,22635,r
50415,22637,r
50432,22639,r
50442,22640,y2
50480,22647,r
50487,22648,r
50495,22649,y2
50508,22651,y2
50543,22658,
50546,22658,
50551,22658,
50554,22659,
50558,22659,r
50568,22662,
50578,22663,r
50590,22667,
50613,22671,r
50641,22676,r
50650,22677,y2
50656,22677,y2
50659,22678,y2
50683,22682,
50705,22688,r
50715,22689,r
50722,22690,r
50734,22691,
50760,22695,y2
50763,22696,y2
50776,22699,
50797,22702,
50834,22707,y2
50843,22708,y2
50854,22709,r
50873,22713,r
50879,22713,r
50883,22714,y2
50896,22715,r
50943,22723,
50966,22725,y2
50984,22730,
50990,22731,y2
51000,22733,
51002,22733,
51015,22735,
51038,22739,y2
51047,22740,y2
51054,22741,y2
51060,22742,y2
51064,22742,
51066,22742,r
51073,22744,r
51076,22744,
51078,22744,y2
51082,22745,
51092,22747,
51126,22752,
51129,22753,y2
51134,22753,y2
51135,22753,
51167,22758,y2
51199,22762,r
51214,22766,
51222,22767,
51223,22767,y2
51234,22770,r
51236,22770,y2
51273,22778,
51277,22779,y2
51287,22780,y2
51303,22782,y2
51310,22783,r
51347,22789,
51353,22789,r
51354,22789,r
51367,22790,y2
51392,22794,r
51398,22796,r
51406,22797,
51408,22797,
51409,22797,
51434,22800,r
51449,22803,y2
51451,22803,y2
51453,22803,y2
51471,22807,
51473,22807,
51474,22807,y2
51483,22809,y2
51500,22811,y2
51525,22815,y2
51533,22816,r
51544,22819,y2
51564,22822,r
51570,22822,y2
51577,22823,y2
51606,22828,
51611,22828,
51612,22828,
51626,22831,
51632,22832,
51654,22834,r
51669,22837,y2
51681,22839,r
51724,22844,r
51778,22850,
51783,22851,y2
51792,22853,r
51797,22854,
51806,22856,r
51816,22857,
51830,22859,y2
51835,22860,r
51847,22861,y2
51854,22862,y2
51881,22867,r
51896,22871,y2
51910,22872,
51912,22873,
51920,22873,y2
51921,22873,r
51931,22874,r
51933,22875,r
51940,22875,y2
51956,22877,y2
51971,22881,r
51975,22881,
52010,22887,y2
52067,22897,
52068,22897,y2
52113,22906,y2
52132,22908,y2
52137,22909,
52140,22909,y2
52156,22912,r
52166,22913,y2
52204,22918,y2
52207,22918,y2
52223,22922,r
52235,22924,r
52243,22925,
52244,22926,
52254,22927,
52258,22928,r
52273,22930,y2
52275,22931,y2
52283,22932,r
52320,22938,r
52322,22938,r
52347,22943,r
52349,22943,y2
52374,22948,y2
52376,22948,
52382,22950,
52412,22956,
52491,22967,r
52492,22967,r
52501,22969,y2
52503,22969,y2
52505,22969,r
52508,22969,r
52519,22973,y2
52533,22976,y2
52547,22978,r
52579,22984,
52583,22984,y2
52605,22986,r
52609,22986,y2
52634,22991,r
52659,22996,r
52665,22997,r
52670,22998,y2
52675,22999,y2
52681,23000,y2
52683,23000,r
52684,23000,r
52697,23003,
52700,23003,
52712,23006,r
52714,23006,r
52722,23008,y2
52736,23011,y2
52743,23012,r
52813,23023,y2
52817,23024,r
52869,23034,r
52871,23034,y2
52872,23034,
52957,23050,y2
52962,23051,y2
52980,23053,
53007,23060,r
53011,23061,
53012,23061,
53032,23063,y2
53047,23065,y2
53058,23067,y2
53083,23070,
53084,23070,
53085,23070,
53086,23070,
53091,23070,r
53092,23070,r
53095,23072,
53099,23072,y2
53107,23073,y2
53121,23075,y2
53122,23075,y2
53146,23079,y2
53156,23082,r
53162,23082,y2
53163,23082,
53195,23089,r
53204,23090,y2
53213,23092,y2
53243,23097,y2
53267,23101,y2
53328,23113,y2
53338,23115,r
53344,23115,
53356,23117,r
53373,23120,y2
53397,23124,y2
53398,23124,
53402,23125,
53420,23128,
53421,23128,r
53423,23128,
53427,23129,y2
53435,23131,r
53442,23131,y2
53476,23137,r
53480,23137,
53498,23140,y2
53504,23141,y2
53544,23147,y2
53563,23150,y2
53571,23151,y2
53585,23152,r
53598,23154,r
53608,23155,y2
53617,23156,r
53619,23157,r
53646,23161,y2
53651,23162,
53658,23163,y2
53714,23171,y2
53715,23171,y2
53722,23172,r
53727,23173,y2
53734,23174,y2
53741,23175,y2
53742,23175,
53743,23175,r
53779,23181,y2
53782,23182,y2
53794,23185,r
53804,23185,y2
53819,23187,y2
53828,23189,y2
53830,23189,y2
53846,23192,y2
53870,23196,r
53875,23197,y2
53877,23197,y2
53900,23201,y2
53922,23203,r
53929,23204,
53941,23207,y2
53956,23209,y2
53961,23209,
53967,23210,y2
53980,23213,r
54007,23217,y2
54013,23219,
54038,23223,y2
54040,23223,y2
54058,23226,
54060,23226,r
54068,23227,y2
54095,23231,r
54120,23235,y2
54139,23241,r
54168,23244,y2
54174,23246,r
54208,23253,y2
54239,23258,r
54241,23258,y2
54254,23260,y2
54266,23263,y2
54277,23266,y2
54283,23267,r
54299,23270,y2
54305,23271,y2
54306,23271,y2
54312,23272,y2
54321,23273,y2
54324,23273,y2
54337,23275,y2
54366,23280,r
54370,23281,r
54382,23283,r
54397,23286,
54427,23290,y2
54431,23290,r
54451,23294,y2
54533,23308,r
54535,23308,y2
54615,23322,r
54633,23326,y2
54640,23326,y2
54644,23327,r
54649,23327,y2
54657,23329,r
54663,23330,r
54667,23331,r
54670,23331,r
54731,23343,y2
54757,23347,r
54763,23348,y2
54770,23350,r
54783,23352,
54785,23352,y2
54788,23352,
54803,23357,y2
54822,23360,y2
54831,23361,y2
54839,23363,r
54840,23363,r
54880,23369,y2
54915,23374,r
54928,23377,y2
54939,23380,r
54946,23381,y2
54956,23383,y2
54960,23384,r
54971,23386,r
54981,23388,y2
55002,23390,y2
55022,23393,r
55028,23393,r
55030,23393,r
55035,23394,r
55036,23394,y2
55062,23398,r
55065,23398,y2
55070,23399,y2
55087,23402,r
55102,23404,y2
55105,23405,
55117,23407,y2
55172,23416,r
55192,23419,
55262,23435,r
55274,23438,r
55289,23440,y2
55293,23441,y2
55313,23444,y2
55317,23445,r
55350,23450,y2
55376,23456,
55377,23456,r
55381,23457,
55383,23457,y2
55411,23460,r
55429,23463,y2
55461,23469,y2
55462,23470,r
55471,23471,y2
55477,23472,y2
55480,23473,y2
55487,23474,r
55494,23475,y2
55496,23475,
55498,23475,
55510,23477,
55525,23480,
55540,23482,
55552,23483,
55570,23487,r
55594,23491,
55606,23493,y2
55619,23495,
55625,23496,y2
55636,23497,y2
55639,23497,y2
55647,23498,r
55652,23499,y2
55669,23501,r
55784,23525,y2
55786,23525,r
55806,23529,y2
55824,23533,
55872,23543,y2
55874,23544,r
55880,23545,
55883,23545,r
55885,23545,
55903,23549,r
55918,23551,y2
55939,23556,r
55940,23556,r
55956,23560,r
55973,23563,y2
55975,23564,
55996,23567,y2
56002,23569,r
56011,23570,
56030,23574,r
56039,23576,y2
56055,23578,r
56059,23578,y2
56065,23579,y2
56087,23583,
56099,23587,y2
56107,23587,y2
56119,23589,y2
56121,23589,y2
56138,23591,y2
56171,23597,y2
56174,23598,r
56180,23599,y2
56206,23603,r
56226,23607,y2
56256,23613,r
56259,23614,y2
56282,23618,y2
56287,23619,y2
56288,23619,y2
56345,23630,y2
56351,23631,y2
56361,23632,r
56367,23633,r
56373,23634,r
56406,23640,
56422,23643,y2
56425,23643,
56438,23645,r
56448,23646,r
56473,23651,
56476,23652,y2
56488,23654,
56508,23657,
56512,23658,
56518,23658,y2
56527,23660,y2
56541,23662,
56549,23663,r
56570,23667,y2
56585,23670,
56586,23670,y2
56602,23674,r
56614,23676,y2
56624,23678,y2
56630,23679,r
56645,23683,r
56658,23685,r
56672,23688,y2
56680,23689,y2
56687,23690,r
56705,23695,
56726,23698,r
56734,23700,y2
56739,23700,y2
56757,23702,y2
56764,23703,y2
56772,23705,y2
56777,23705,r
56792,23709,r
56794,23709,r
56801,23711,
56810,23713,y2
56811,23713,r
56816,23714,r
56827,23715,y2
56843,23718,r
56853,23719,y2
56865,23722,r
56879,23724,r
56893,23728,y2
56940,23739,y2
57004,23751,y2
57018,23754,y2
57067,23762,y2
57074,23764,r
57081,23765,
57089,23767,y2
57092,23767,r
57106,23769,
57116,23772,
57128,23773,
57132,23773,y2
57145,23776,y2
57153,23777,
57168,23781,y2
57170,23782,
57194,23786,
57208,23788,y2
57213,23789,y2
57224,23790,y2
57226,23790,
57241,23793,
57260,23796,y2
57269,23798,r
57286,23801,r
57288,23801,r
57300,23803,
57305,23805,r
57312,23807,y2
57334,23811,y2
57335,23811,y2
57369,23818,y2
57375,23819,y2
57380,23820,
57382,23820,
57415,23827,y2
57424,23828,y2
57425,23828,y2
57456,23835,y2
57539,23847,y2
57577,23854,
57582,23854,r
57595,23855,y2
57628,23860,y2
57630,23860,
57641,23863,y2
57650,23864,y2
57688,23869,r
57720,23874,y2
57767,23881,
57777,23883,
57794,23886,r
57812,23887,y2
57858,23895,r
57876,23899,r
57902,23903,y2
57903,23903,r
57915,23905,
57928,23908,r
57998,23920,
58004,23921,r
58005,23921,y2
58016,23924,r
58024,23925,y2
58037,23928,y2
58047,23929,r
58059,23930,y2
58061,23930,y2
58098,23935,y2
58100,23936,
58155,23944,y2
58164,23946,r
58176,23948,r
58187,23950,r
58188,23950,r
58199,23952,
58212,23954,r
58221,23956,r
58250,23961,y2
58256,23962,y2
58275,23966,r
58278,23966,r
58279,23966,r
58322,23972,y2
58327,23972,y2
58379,23980,y2
58408,23985,y2
58412,23986,y2
58415,23986,r
58437,23990,r
58454,23993,r
58456,23993,y2
58466,23994,y2
58476,23998,r
58483,23998,r
58484,23998,y2
58489,23999,
58490,23999,
58511,24003,y2
58542,24007,y2
58584,24014,y2
58591,24015,r
58604,24017,y2
58615,24019,
58665,24029,y2
58682,24032,r
58702,24035,y2
58704,24035,
58739,24040,r
58754,24043,
58776,24046,
58802,24051,r
58863,24063,y2
58870,24063,y2
58871,24063,
58902,24070,r
58916,24074,r
58919,24074,r
58938,24078,r
58951,24080,y2
58957,24081,
58972,24084,y2
58984,24087,r
58988,24087,y2
59013,24092,y2
59017,24092,y2
59022,24093,r
59023,24093,r
59068,24101,
59097,24107,r
59118,24115,r
59128,24116,y2
59131,24117,r
59150,24119,y2
59168,24121,y2
59191,24127,r
59254,24138,y2
59328,24150,y2
59339,24152,y2
59348,24153,y2
59362,24156,y2
59365,24156,y2
59370,24157,r
59371,24157,
59434,24169,r
59445,24170,
59480,24178,r
59492,24180,y2
59504,24182,r
59515,24183,y2
59520,24184,r
59581,24197,y2
59588,24198,r
59639,24207,y2
59658,24209,y2
59665,24210,r
59712,24217,
59738,24221,y2
59741,24221,y2
59761,24224,y2
59763,24224,r
59772,24226,y2
59782,24227,r
59809,24233,y2
59816,24234,r
59834,24237,r
59852,24240,r
59858,24240,r
59866,24242,y2
59875,24244,y2
59887,24248,r
59891,24248,y2
59907,24251,y2
59948,24257,y2
59983,24264,
59986,24264,y2
60022,24269,r
60053,24274,y2
60065,24276,r
60115,24285,
60127,24288,r
60185,24297,y2
60199,24300,y2
60201,24300,y2
60202,24301,r
60210,24302,
60246,24309,y2
60250,24310,y2
60262,24312,
60278,24314,y2
60301,24318,y2
60309,24320,r
60310,24320,y2
60324,24322,y2
60349,24328,
60352,24329,y2
60385,24333,y2
60387,24333,y2
60406,24336,y2
60418,24339,
60437,24343,y2
60531,24361,y2
60555,24365,r
60561,24366,r
60569,24368,r
60570,24368,r
60577,24369,y2
60582,24370,y2
60622,24376,y2
60663,24383,y2
60671,24384,y2
60675,24385,y2
60682,24386,y2
60689,24386,r
60695,24387,
60697,24387,y2
60707,24388,y2
60714,24390,y2
60723,24391,y2
60746,24397,y2
60755,24398,r
60795,24405,y2
60809,24407,r
60867,24417,y2
60871,24418,r
60892,24420,y2
60900,24421,y2
60912,24423,y2
60925,24424,y2
60983,24436,
60989,24438,
61067,24453,y2
61085,24455,y2
61110,24462,y2
61158,24470,y2
61172,24472,y2
61188,24475,r
61204,24478,r
61210,24479,r
61218,24481,y2
61243,24486,
61264,24491,r
61282,24494,r
61284,24494,r
61286,24494,r
61318,24499,y2
61346,24505,r
61353,24506,y2
61392,24513,
61430,24517,y2
61437,24518,y2
61467,24523,r
61491,24526,y2
61516,24531,y2
61537,24533,y2
61572,24540,r
61577,24541,y2
61591,24543,y2
61596,24543,y2
61615,24546,y2
61617,24546,y2
61628,24548,r
61636,24549,y2
61643,24551,y2
61652,24552,y2
61678,24557,y2
61680,24557,y2
61702,25843,r
61708,25844,y2
61709,25844,y2
61710,25845,r
61730,25849,r
61752,25854,y2
61755,25854,y2
61758,25860,r
61788,25866,r
61813,25873,y2
61828,25877,r
61846,25881,y2
61858,25883,r
61861,25884,r
61877,25889,r
61889,25892,y2
61902,25895,r
61925,25900,y2
61973,25916,r
62014,25927,y2
62018,25928,r
62062,25938,y2
62078,25941,y2
