,team_id,season,field players rating,gk rating
0,10242.0,2008/2009,,
1,10242.0,2009/2010,,
2,10242.0,2010/2011,,
3,10242.0,2011/2012,,
4,10242.0,2012/2013,,
5,10242.0,2013/2014,,
6,10242.0,2014/2015,,
7,10242.0,2015/2016,67.15,66.0
8,8197.0,2008/2009,,
9,8197.0,2009/2010,,
10,8197.0,2010/2011,,
11,8197.0,2011/2012,,
12,8197.0,2012/2013,,
13,8197.0,2013/2014,,
14,8197.0,2014/2015,70.5,73.28571428571429
15,8197.0,2015/2016,73.93888888888888,76.0
16,10249.0,2008/2009,,
17,10249.0,2009/2010,,
18,10249.0,2010/2011,,
19,10249.0,2011/2012,,
20,10249.0,2012/2013,,
21,10249.0,2013/2014,,
22,10249.0,2014/2015,71.64615384615385,72.84615384615384
23,10249.0,2015/2016,72.67272727272727,71.81818181818181
24,10252.0,2008/2009,78.70526315789473,82.0
25,10252.0,2009/2010,80.10909090909091,82.0
26,10252.0,2010/2011,78.14,80.0
27,10252.0,2011/2012,74.775,81.125
28,10252.0,2012/2013,71.71,76.0
29,10252.0,2013/2014,72.62941176470588,79.0
30,10252.0,2014/2015,73.83333333333333,76.66666666666667
31,10252.0,2015/2016,74.42777777777778,74.33333333333333
32,8721.0,2008/2009,76.33333333333333,80.0
33,8721.0,2009/2010,78.15,75.5
34,8721.0,2010/2011,77.14285714285714,78.42857142857143
35,8721.0,2011/2012,74.78,76.2
36,8721.0,2012/2013,,
37,8721.0,2013/2014,,
38,8721.0,2014/2015,78.19333333333333,78.0
39,8721.0,2015/2016,79.65,77.5
40,8722.0,2008/2009,70.52,75.0
41,8722.0,2009/2010,73.93333333333334,74.0
42,8722.0,2010/2011,73.3,73.6
43,8722.0,2011/2012,73.68571428571428,78.0
44,8722.0,2012/2013,,
45,8722.0,2013/2014,,
46,8722.0,2014/2015,71.775,74.0
47,8722.0,2015/2016,74.67058823529412,79.3529411764706
48,9747.0,2008/2009,,
49,9747.0,2009/2010,,
50,9747.0,2010/2011,,
51,9747.0,2011/2012,,
52,9747.0,2012/2013,,
53,9747.0,2013/2014,,
54,9747.0,2014/2015,70.9125,72.25
55,9747.0,2015/2016,71.71538461538462,76.0
56,10260.0,2008/2009,82.52631578947368,83.36842105263158
57,10260.0,2009/2010,82.51052631578948,78.52631578947368
58,10260.0,2010/2011,81.8,83.0
59,10260.0,2011/2012,81.3,75.6
60,10260.0,2012/2013,81.52,80.0
61,10260.0,2013/2014,80.33636363636364,82.0
62,10260.0,2014/2015,79.9,84.0
63,10260.0,2015/2016,79.85,84.75
64,10261.0,2008/2009,75.17272727272727,80.27272727272727
65,10261.0,2009/2010,,
66,10261.0,2010/2011,75.22,74.0
67,10261.0,2011/2012,76.4,78.0
68,10261.0,2012/2013,77.45555555555555,75.88888888888889
69,10261.0,2013/2014,76.05833333333334,79.0
70,10261.0,2014/2015,74.34666666666666,76.2
71,10261.0,2015/2016,75.59285714285714,70.57142857142857
72,9748.0,2008/2009,,
73,9748.0,2009/2010,,
74,9748.0,2010/2011,,
75,9748.0,2011/2012,,
76,9748.0,2012/2013,,
77,9748.0,2013/2014,,
78,9748.0,2014/2015,74.46428571428571,78.0
79,9748.0,2015/2016,76.845,80.1
80,10267.0,2008/2009,80.35955056179775,74.88888888888889
81,10267.0,2009/2010,80.4,76.875
82,10267.0,2010/2011,78.6,78.0
83,10267.0,2011/2012,77.7,79.4
84,10267.0,2012/2013,,
85,10267.0,2013/2014,,
86,10267.0,2014/2015,78.60909090909091,82.0
87,10267.0,2015/2016,79.05333333333333,76.66666666666667
88,10268.0,2008/2009,,
89,10268.0,2009/2010,,
90,10268.0,2010/2011,,
91,10268.0,2011/2012,,
92,10268.0,2012/2013,,
93,10268.0,2013/2014,,
94,10268.0,2014/2015,72.00833333333334,75.0
95,10268.0,2015/2016,,
96,10269.0,2008/2009,75.1,80.0
97,10269.0,2009/2010,76.2,79.0
98,10269.0,2010/2011,74.56666666666666,73.0
99,10269.0,2011/2012,75.95,77.0
100,10269.0,2012/2013,,
101,10269.0,2013/2014,,
102,10269.0,2014/2015,73.10833333333333,75.5
103,10269.0,2015/2016,74.99230769230769,74.92307692307692
104,8226.0,2008/2009,74.85,76.5
105,8226.0,2009/2010,75.8,74.0
106,8226.0,2010/2011,75.35,73.0
107,8226.0,2011/2012,74.025,77.0
108,8226.0,2012/2013,,
109,8226.0,2013/2014,,
110,8226.0,2014/2015,74.48333333333333,78.0
111,8226.0,2015/2016,75.01875,78.0
112,208931.0,2008/2009,,
113,208931.0,2009/2010,,
114,208931.0,2010/2011,,
115,208931.0,2011/2012,,
116,208931.0,2012/2013,,
117,208931.0,2013/2014,,
118,208931.0,2014/2015,,
119,208931.0,2015/2016,70.69090909090909,70.36363636363636
120,10278.0,2008/2009,,
121,10278.0,2009/2010,,
122,10278.0,2010/2011,73.16666666666667,76.0
123,10278.0,2011/2012,,
124,10278.0,2012/2013,,
125,10278.0,2013/2014,,
126,10278.0,2014/2015,,
127,10278.0,2015/2016,,
128,10281.0,2008/2009,73.05,76.0
129,10281.0,2009/2010,73.03448275862068,71.33333333333333
130,10281.0,2010/2011,,
131,10281.0,2011/2012,,
132,10281.0,2012/2013,,
133,10281.0,2013/2014,,
134,10281.0,2014/2015,,
135,10281.0,2015/2016,,
136,8234.0,2008/2009,,
137,8234.0,2009/2010,,
138,8234.0,2010/2011,,
139,8234.0,2011/2012,,
140,8234.0,2012/2013,,
141,8234.0,2013/2014,,
142,8234.0,2014/2015,,
143,8234.0,2015/2016,71.325,73.0
144,9783.0,2008/2009,74.3,73.6
145,9783.0,2009/2010,75.3425925925926,78.0909090909091
146,9783.0,2010/2011,73.225,75.5
147,9783.0,2011/2012,,
148,9783.0,2012/2013,,
149,9783.0,2013/2014,,
150,9783.0,2014/2015,72.15,73.5
151,9783.0,2015/2016,75.2,74.33333333333333
152,9788.0,2008/2009,71.9,72.0
153,9788.0,2009/2010,73.1,70.0
154,9788.0,2010/2011,73.2,71.0
155,9788.0,2011/2012,74.53333333333333,79.0
156,9788.0,2012/2013,,
157,9788.0,2013/2014,,
158,9788.0,2014/2015,76.23333333333333,80.0
159,9788.0,2015/2016,76.03571428571429,81.35714285714286
160,9789.0,2008/2009,75.9,79.0
161,9789.0,2009/2010,76.46666666666667,77.66666666666667
162,9789.0,2010/2011,77.775,81.0
163,9789.0,2011/2012,79.42,80.6
164,9789.0,2012/2013,,
165,9789.0,2013/2014,,
166,9789.0,2014/2015,80.4076923076923,80.46153846153847
167,9789.0,2015/2016,81.08461538461539,80.0
168,9790.0,2008/2009,76.525,82.0
169,9790.0,2009/2010,77.875,79.0
170,9790.0,2010/2011,76.4,80.0
171,9790.0,2011/2012,74.82,78.0
172,9790.0,2012/2013,,
173,9790.0,2013/2014,,
174,9790.0,2014/2015,74.26923076923077,76.92307692307692
175,9790.0,2015/2016,74.375,79.0
176,9791.0,2008/2009,,
177,9791.0,2009/2010,,
178,9791.0,2010/2011,,
179,9791.0,2011/2012,,
180,9791.0,2012/2013,,
181,9791.0,2013/2014,,
182,9791.0,2014/2015,,
183,9791.0,2015/2016,68.71538461538462,69.0
184,9798.0,2008/2009,,
185,9798.0,2009/2010,,
186,9798.0,2010/2011,,
187,9798.0,2011/2012,,
188,9798.0,2012/2013,70.375,71.5
189,9798.0,2013/2014,,
190,9798.0,2014/2015,,
191,9798.0,2015/2016,,
192,8262.0,2008/2009,,
193,8262.0,2009/2010,,
194,8262.0,2010/2011,,
195,8262.0,2011/2012,,
196,8262.0,2012/2013,,
197,8262.0,2013/2014,,
198,8262.0,2014/2015,,
199,8262.0,2015/2016,71.67368421052632,70.78947368421052
200,9803.0,2008/2009,,
201,9803.0,2009/2010,,
202,9803.0,2010/2011,,
203,9803.0,2011/2012,,
204,9803.0,2012/2013,,
205,9803.0,2013/2014,,
206,9803.0,2014/2015,,
207,9803.0,2015/2016,66.58181818181818,68.0
208,9804.0,2008/2009,71.15,81.0
209,9804.0,2009/2010,,
210,9804.0,2010/2011,,
211,9804.0,2011/2012,,
212,9804.0,2012/2013,,
213,9804.0,2013/2014,,
214,9804.0,2014/2015,73.41,74.7
215,9804.0,2015/2016,76.7375,74.875
216,9810.0,2008/2009,,
217,9810.0,2009/2010,72.45,74.0
218,9810.0,2010/2011,73.08,73.0
219,9810.0,2011/2012,,
220,9810.0,2012/2013,,
221,9810.0,2013/2014,,
222,9810.0,2014/2015,73.875,77.66666666666667
223,9810.0,2015/2016,74.58333333333333,75.0
224,8277.0,2008/2009,,
225,8277.0,2009/2010,,
226,8277.0,2010/2011,,
227,8277.0,2011/2012,,
228,8277.0,2012/2013,,
229,8277.0,2013/2014,,
230,8277.0,2014/2015,,
231,8277.0,2015/2016,70.7,74.0
232,9817.0,2008/2009,,
233,9817.0,2009/2010,,
234,9817.0,2010/2011,,
235,9817.0,2011/2012,,
236,9817.0,2012/2013,,
237,9817.0,2013/2014,,
238,9817.0,2014/2015,,
239,9817.0,2015/2016,74.13333333333334,76.0
240,9823.0,2008/2009,82.9375,78.5
241,9823.0,2009/2010,80.26,78.5
242,9823.0,2010/2011,80.9,76.71428571428571
243,9823.0,2011/2012,82.37,87.0
244,9823.0,2012/2013,,
245,9823.0,2013/2014,,
246,9823.0,2014/2015,83.09166666666667,89.16666666666667
247,9823.0,2015/2016,82.67647058823529,90.0
248,9825.0,2008/2009,80.3625,77.75
249,9825.0,2009/2010,81.38125,77.0
250,9825.0,2010/2011,81.21666666666667,76.0
251,9825.0,2011/2012,80.03333333333333,80.0
252,9825.0,2012/2013,79.775,77.75
253,9825.0,2013/2014,80.94117647058823,80.0
254,9825.0,2014/2015,78.64666666666666,77.93333333333334
255,9825.0,2015/2016,80.47894736842105,85.15789473684211
256,9826.0,2008/2009,,
257,9826.0,2009/2010,,
258,9826.0,2010/2011,,
259,9826.0,2011/2012,,
260,9826.0,2012/2013,,
261,9826.0,2013/2014,71.39444444444445,73.88888888888889
262,9826.0,2014/2015,73.15,74.86363636363636
263,9826.0,2015/2016,75.81333333333333,74.26666666666667
264,9827.0,2008/2009,,
265,9827.0,2009/2010,,
266,9827.0,2010/2011,,
267,9827.0,2011/2012,,
268,9827.0,2012/2013,,
269,9827.0,2013/2014,,
270,9827.0,2014/2015,72.63333333333334,80.0
271,9827.0,2015/2016,72.22222222222223,73.44444444444444
272,9829.0,2008/2009,,
273,9829.0,2009/2010,,
274,9829.0,2010/2011,,
275,9829.0,2011/2012,,
276,9829.0,2012/2013,,
277,9829.0,2013/2014,,
278,9829.0,2014/2015,76.26,78.0
279,9829.0,2015/2016,76.375,81.0
280,9830.0,2008/2009,,
281,9830.0,2009/2010,,
282,9830.0,2010/2011,,
283,9830.0,2011/2012,,
284,9830.0,2012/2013,,
285,9830.0,2013/2014,,
286,9830.0,2014/2015,,75.0
287,9830.0,2015/2016,72.03947368421052,77.75
288,9831.0,2008/2009,,
289,9831.0,2009/2010,,
290,9831.0,2010/2011,,
291,9831.0,2011/2012,,
292,9831.0,2012/2013,,
293,9831.0,2013/2014,,
294,9831.0,2014/2015,69.72857142857143,71.0
295,9831.0,2015/2016,73.95625,67.25
296,7788.0,2008/2009,,
297,7788.0,2009/2010,,
298,7788.0,2010/2011,,
299,7788.0,2011/2012,,
300,7788.0,2012/2013,,
301,7788.0,2013/2014,,
302,7788.0,2014/2015,,
303,7788.0,2015/2016,65.90833333333333,64.66666666666667
304,9837.0,2008/2009,,
305,9837.0,2009/2010,,
306,9837.0,2010/2011,,
307,9837.0,2011/2012,,
308,9837.0,2012/2013,,
309,9837.0,2013/2014,,
310,9837.0,2014/2015,71.24031007751938,73.92307692307692
311,9837.0,2015/2016,71.17777777777778,70.66666666666667
312,8302.0,2008/2009,78.28333333333333,80.41666666666667
313,8302.0,2009/2010,78.27142857142857,81.28571428571429
314,8302.0,2010/2011,77.64,77.0
315,8302.0,2011/2012,77.61666666666666,78.0
316,8302.0,2012/2013,,
317,8302.0,2013/2014,,
318,8302.0,2014/2015,77.54666666666667,71.6
319,8302.0,2015/2016,78.11666666666666,76.66666666666667
320,8305.0,2008/2009,75.7,79.66666666666667
321,8305.0,2009/2010,75.3076923076923,74.5
322,8305.0,2010/2011,75.025,74.0
323,8305.0,2011/2012,74.16666666666667,75.0
324,8305.0,2012/2013,,
325,8305.0,2013/2014,,
326,8305.0,2014/2015,71.53846153846153,75.92307692307692
327,8305.0,2015/2016,74.09243697478992,77.0
328,7794.0,2008/2009,,
329,7794.0,2009/2010,,
330,7794.0,2010/2011,,
331,7794.0,2011/2012,,
332,7794.0,2012/2013,,
333,7794.0,2013/2014,,
334,7794.0,2014/2015,70.03875968992249,71.23076923076923
335,7794.0,2015/2016,70.08571428571429,69.42857142857143
336,8306.0,2008/2009,,
337,8306.0,2009/2010,,
338,8306.0,2010/2011,,
339,8306.0,2011/2012,,
340,8306.0,2012/2013,,
341,8306.0,2013/2014,,
342,8306.0,2014/2015,,
343,8306.0,2015/2016,71.37962962962963,73.0909090909091
344,9847.0,2008/2009,,
345,9847.0,2009/2010,,
346,9847.0,2010/2011,,
347,9847.0,2011/2012,,
348,9847.0,2012/2013,,
349,9847.0,2013/2014,,
350,9847.0,2014/2015,81.15714285714286,81.23809523809524
351,9847.0,2015/2016,82.48571428571428,82.0
352,9850.0,2008/2009,,
353,9850.0,2009/2010,,
354,9850.0,2010/2011,,
355,9850.0,2011/2012,70.35,74.0
356,9850.0,2012/2013,73.12,74.0
357,9850.0,2013/2014,73.81176470588235,79.0
358,9850.0,2014/2015,,
359,9850.0,2015/2016,73.63157894736842,73.94736842105263
360,9851.0,2008/2009,,
361,9851.0,2009/2010,,
362,9851.0,2010/2011,,
363,9851.0,2011/2012,,
364,9851.0,2012/2013,,
365,9851.0,2013/2014,,
366,9851.0,2014/2015,72.74615384615385,79.0
367,9851.0,2015/2016,73.38666666666667,79.4
368,8315.0,2008/2009,70.0,76.0
369,8315.0,2009/2010,75.47142857142858,79.0
370,8315.0,2010/2011,76.05,81.0
371,8315.0,2011/2012,74.5,81.0
372,8315.0,2012/2013,,
373,8315.0,2013/2014,,
374,8315.0,2014/2015,77.87,78.0
375,8315.0,2015/2016,78.925,79.0
376,9853.0,2008/2009,,
377,9853.0,2009/2010,,
378,9853.0,2010/2011,,
379,9853.0,2011/2012,72.6,79.0
380,9853.0,2012/2013,,
381,9853.0,2013/2014,,
382,9853.0,2014/2015,74.62352941176471,83.0
383,9853.0,2015/2016,74.8735632183908,83.0
384,6269.0,2008/2009,,
385,6269.0,2009/2010,,
386,6269.0,2010/2011,,
387,6269.0,2011/2012,68.20408163265306,68.4
388,6269.0,2012/2013,,
389,6269.0,2013/2014,,
390,6269.0,2014/2015,,
391,6269.0,2015/2016,,
392,9857.0,2008/2009,69.6938775510204,65.4
393,9857.0,2009/2010,69.25,70.75
394,9857.0,2010/2011,71.46,78.0
395,9857.0,2011/2012,,
396,9857.0,2012/2013,,
397,9857.0,2013/2014,,
398,9857.0,2014/2015,,
399,9857.0,2015/2016,71.94166666666666,78.0
400,9858.0,2008/2009,,
401,9858.0,2009/2010,,
402,9858.0,2010/2011,69.1025641025641,70.5
403,9858.0,2011/2012,,
404,9858.0,2012/2013,,
405,9858.0,2013/2014,,
406,9858.0,2014/2015,,
407,9858.0,2015/2016,,
408,9864.0,2008/2009,69.71428571428571,64.85714285714286
409,9864.0,2009/2010,72.41666666666667,73.0
410,9864.0,2010/2011,71.45,68.0
411,9864.0,2011/2012,77.32,73.4
412,9864.0,2012/2013,,
413,9864.0,2013/2014,,
414,9864.0,2014/2015,72.44,74.0
415,9864.0,2015/2016,74.93,79.0
416,9865.0,2008/2009,72.2,81.0
417,9865.0,2009/2010,72.53333333333333,80.0
418,9865.0,2010/2011,73.0,82.0
419,9865.0,2011/2012,,
420,9865.0,2012/2013,,
421,9865.0,2013/2014,,
422,9865.0,2014/2015,71.1,73.72727272727273
423,9865.0,2015/2016,,
424,7819.0,2008/2009,,
425,7819.0,2009/2010,,
426,7819.0,2010/2011,,
427,7819.0,2011/2012,,
428,7819.0,2012/2013,,
429,7819.0,2013/2014,,
430,7819.0,2014/2015,68.75833333333334,71.0
431,7819.0,2015/2016,71.80314960629921,76.0
432,9868.0,2008/2009,,
433,9868.0,2009/2010,69.66666666666667,76.0
434,9868.0,2010/2011,,
435,9868.0,2011/2012,,
436,9868.0,2012/2013,,
437,9868.0,2013/2014,,
438,9868.0,2014/2015,,
439,9868.0,2015/2016,,
440,9869.0,2008/2009,66.70833333333333,69.25
441,9869.0,2009/2010,72.71186440677967,76.0
442,9869.0,2010/2011,73.0,73.0
443,9869.0,2011/2012,72.38571428571429,73.0
444,9869.0,2012/2013,,
445,9869.0,2013/2014,,
446,9869.0,2014/2015,,
447,9869.0,2015/2016,73.11842105263158,76.0
448,9867.0,2008/2009,,
449,9867.0,2009/2010,70.91891891891892,75.0
450,9867.0,2010/2011,,
451,9867.0,2011/2012,,
452,9867.0,2012/2013,,
453,9867.0,2013/2014,,
454,9867.0,2014/2015,,
455,9867.0,2015/2016,,
456,9875.0,2008/2009,75.78,75.0
457,9875.0,2009/2010,76.5,77.0
458,9875.0,2010/2011,77.71428571428571,80.0
459,9875.0,2011/2012,79.96666666666667,82.0
460,9875.0,2012/2013,,
461,9875.0,2013/2014,,
462,9875.0,2014/2015,77.46428571428571,74.28571428571429
463,9875.0,2015/2016,79.90625,80.0
464,9876.0,2008/2009,,
465,9876.0,2009/2010,,
466,9876.0,2010/2011,,
467,9876.0,2011/2012,,
468,9876.0,2012/2013,,
469,9876.0,2013/2014,,
470,9876.0,2014/2015,71.32727272727273,70.27272727272727
471,9876.0,2015/2016,72.64,65.3
472,9879.0,2008/2009,75.52857142857142,77.0
473,9879.0,2009/2010,76.02307692307693,79.0
474,9879.0,2010/2011,76.42,80.0
475,9879.0,2011/2012,75.85555555555555,78.44444444444444
476,9879.0,2012/2013,75.95,79.0
477,9879.0,2013/2014,74.86,76.0
478,9879.0,2014/2015,,
479,9879.0,2015/2016,,
480,8344.0,2008/2009,,
481,8344.0,2009/2010,,
482,8344.0,2010/2011,,
483,8344.0,2011/2012,,
484,8344.0,2012/2013,,
485,8344.0,2013/2014,72.50588235294117,73.0
486,8344.0,2014/2015,,
487,8344.0,2015/2016,,
488,9880.0,2008/2009,,
489,9880.0,2009/2010,,
490,9880.0,2010/2011,70.725,74.0
491,9880.0,2011/2012,71.70212765957447,72.8
492,9880.0,2012/2013,,
493,9880.0,2013/2014,,
494,9880.0,2014/2015,67.08333333333333,70.8
495,9880.0,2015/2016,,
496,9882.0,2008/2009,76.9,75.0
497,9882.0,2009/2010,76.6,77.0
498,9882.0,2010/2011,75.86,76.3
499,9882.0,2011/2012,,
500,9882.0,2012/2013,,
501,9882.0,2013/2014,,
502,9882.0,2014/2015,72.02912621359224,76.63636363636364
503,9882.0,2015/2016,74.26923076923077,79.0
504,9885.0,2008/2009,81.05,81.875
505,9885.0,2009/2010,80.03333333333333,86.16666666666667
506,9885.0,2010/2011,78.8,81.72727272727273
507,9885.0,2011/2012,81.16153846153846,86.0
508,9885.0,2012/2013,,
509,9885.0,2013/2014,,
510,9885.0,2014/2015,80.10833333333333,80.0
511,9885.0,2015/2016,81.99090909090908,83.54545454545455
512,8350.0,2008/2009,,
513,8350.0,2009/2010,,
514,8350.0,2010/2011,71.14,74.0
515,8350.0,2011/2012,70.85,77.0
516,8350.0,2012/2013,,
517,8350.0,2013/2014,,
518,8350.0,2014/2015,,
519,8350.0,2015/2016,,
520,9888.0,2008/2009,69.925,71.0
521,9888.0,2009/2010,,
522,9888.0,2010/2011,68.56666666666666,70.0
523,9888.0,2011/2012,71.16666666666667,72.66666666666667
524,9888.0,2012/2013,,
525,9888.0,2013/2014,,
526,9888.0,2014/2015,,
527,9888.0,2015/2016,,
528,9891.0,2008/2009,,
529,9891.0,2009/2010,,
530,9891.0,2010/2011,,
531,9891.0,2011/2012,,
532,9891.0,2012/2013,,
533,9891.0,2013/2014,,
534,9891.0,2014/2015,,
535,9891.0,2015/2016,68.24545454545455,72.18181818181819
536,8358.0,2008/2009,,
537,8358.0,2009/2010,69.1,73.0
538,8358.0,2010/2011,71.7,74.0
539,8358.0,2011/2012,69.7,71.0
540,8358.0,2012/2013,,
541,8358.0,2013/2014,,
542,8358.0,2014/2015,71.57,77.0
543,8358.0,2015/2016,,
544,9904.0,2008/2009,72.5,84.0
545,9904.0,2009/2010,71.16666666666667,74.0
546,9904.0,2010/2011,73.18,72.4
547,9904.0,2011/2012,75.3,78.0
548,9904.0,2012/2013,,
549,9904.0,2013/2014,,
550,9904.0,2014/2015,73.3375,79.0
551,9904.0,2015/2016,72.9,80.0
552,9905.0,2008/2009,,
553,9905.0,2009/2010,71.06666666666666,74.0
554,9905.0,2010/2011,72.62857142857143,73.42857142857143
555,9905.0,2011/2012,72.23333333333333,74.0
556,9905.0,2012/2013,,
557,9905.0,2013/2014,,
558,9905.0,2014/2015,73.28181818181818,74.72727272727273
559,9905.0,2015/2016,74.25714285714285,79.0
560,9906.0,2008/2009,78.9,79.0
561,9906.0,2009/2010,76.92753623188406,73.14285714285714
562,9906.0,2010/2011,79.36666666666666,80.0
563,9906.0,2011/2012,78.24,76.0
564,9906.0,2012/2013,,
565,9906.0,2013/2014,,
566,9906.0,2014/2015,80.6,79.45454545454545
567,9906.0,2015/2016,80.6,82.0
568,8371.0,2008/2009,69.85,65.0
569,8371.0,2009/2010,74.55172413793103,75.0
570,8371.0,2010/2011,74.01666666666667,75.0
571,8371.0,2011/2012,71.9,72.75
572,8371.0,2012/2013,,
573,8371.0,2013/2014,,
574,8371.0,2014/2015,,
575,8371.0,2015/2016,,
576,9908.0,2008/2009,,
577,9908.0,2009/2010,,
578,9908.0,2010/2011,,
579,9908.0,2011/2012,,
580,9908.0,2012/2013,,
581,9908.0,2013/2014,,
582,9908.0,2014/2015,,
583,9908.0,2015/2016,69.12857142857143,71.21428571428571
584,8370.0,2008/2009,,
585,8370.0,2009/2010,,
586,8370.0,2010/2011,,
587,8370.0,2011/2012,71.65517241379311,71.0
588,8370.0,2012/2013,,
589,8370.0,2013/2014,,
590,8370.0,2014/2015,73.61320754716981,72.72727272727273
591,8370.0,2015/2016,73.1375,70.25
592,9910.0,2008/2009,,
593,9910.0,2009/2010,,
594,9910.0,2010/2011,,
595,9910.0,2011/2012,,
596,9910.0,2012/2013,,
597,9910.0,2013/2014,,
598,9910.0,2014/2015,73.8062015503876,74.0
599,9910.0,2015/2016,76.36153846153846,74.15384615384616
600,9911.0,2008/2009,70.75862068965517,76.0
601,9911.0,2009/2010,71.58,70.2
602,9911.0,2010/2011,,
603,9911.0,2011/2012,,
604,9911.0,2012/2013,,
605,9911.0,2013/2014,,
606,9911.0,2014/2015,,
607,9911.0,2015/2016,,
608,8372.0,2008/2009,,
609,8372.0,2009/2010,,
610,8372.0,2010/2011,,
611,8372.0,2011/2012,,
612,8372.0,2012/2013,,
613,8372.0,2013/2014,,
614,8372.0,2014/2015,70.925,75.0
615,8372.0,2015/2016,72.38333333333334,71.33333333333333
616,9912.0,2008/2009,70.45,79.0
617,9912.0,2009/2010,,
618,9912.0,2010/2011,,
619,9912.0,2011/2012,,
620,9912.0,2012/2013,,
621,9912.0,2013/2014,,
622,9912.0,2014/2015,,
623,9912.0,2015/2016,,
624,7869.0,2008/2009,,
625,7869.0,2009/2010,,
626,7869.0,2010/2011,,
627,7869.0,2011/2012,,
628,7869.0,2012/2013,,
629,7869.0,2013/2014,,
630,7869.0,2014/2015,69.87692307692308,66.92307692307692
631,7869.0,2015/2016,,
632,8388.0,2008/2009,69.875,71.0
633,8388.0,2009/2010,,
634,8388.0,2010/2011,,
635,8388.0,2011/2012,,
636,8388.0,2012/2013,,
637,8388.0,2013/2014,,
638,8388.0,2014/2015,,
639,8388.0,2015/2016,,
640,7878.0,2008/2009,,
641,7878.0,2009/2010,,
642,7878.0,2010/2011,,
643,7878.0,2011/2012,72.175,74.0
644,7878.0,2012/2013,,
645,7878.0,2013/2014,,
646,7878.0,2014/2015,72.32773109243698,71.91666666666667
647,7878.0,2015/2016,73.00909090909092,77.0
648,8394.0,2008/2009,,
649,8394.0,2009/2010,73.2,71.25
650,8394.0,2010/2011,71.35,72.5
651,8394.0,2011/2012,71.64,78.0
652,8394.0,2012/2013,,
653,8394.0,2013/2014,,
654,8394.0,2014/2015,,
655,8394.0,2015/2016,,
656,9941.0,2008/2009,,
657,9941.0,2009/2010,,
658,9941.0,2010/2011,,
659,9941.0,2011/2012,74.3,73.0
660,9941.0,2012/2013,,
661,9941.0,2013/2014,,
662,9941.0,2014/2015,71.58,73.8
663,9941.0,2015/2016,72.87142857142857,68.57142857142857
664,8406.0,2008/2009,,
665,8406.0,2009/2010,,
666,8406.0,2010/2011,,
667,8406.0,2011/2012,69.12,74.0
668,8406.0,2012/2013,,
669,8406.0,2013/2014,,
670,8406.0,2014/2015,73.24166666666666,73.0
671,8406.0,2015/2016,74.23333333333333,75.73333333333333
672,6391.0,2008/2009,,
673,6391.0,2009/2010,,
674,6391.0,2010/2011,,
675,6391.0,2011/2012,,
676,6391.0,2012/2013,,
677,6391.0,2013/2014,,
678,6391.0,2014/2015,,
679,6391.0,2015/2016,68.01428571428572,69.35714285714286
680,9976.0,2008/2009,,
681,9976.0,2009/2010,70.6,74.0
682,9976.0,2010/2011,69.8,74.0
683,9976.0,2011/2012,,
684,9976.0,2012/2013,,
685,9976.0,2013/2014,,
686,9976.0,2014/2015,,
687,9976.0,2015/2016,,
688,8455.0,2008/2009,83.29411764705883,87.3529411764706
689,8455.0,2009/2010,83.77058823529411,84.3529411764706
690,8455.0,2010/2011,82.7,84.0
691,8455.0,2011/2012,81.57777777777778,82.77777777777777
692,8455.0,2012/2013,81.33333333333333,83.0
693,8455.0,2013/2014,81.32105263157895,83.52631578947368
694,8455.0,2014/2015,82.66842105263157,85.84210526315789
695,8455.0,2015/2016,82.4,84.82352941176471
696,8456.0,2008/2009,78.33636363636364,81.36363636363636
697,8456.0,2009/2010,81.43537414965986,83.4
698,8456.0,2010/2011,80.98571428571428,82.0
699,8456.0,2011/2012,83.08,83.0
700,8456.0,2012/2013,82.71,84.0
701,8456.0,2013/2014,82.77894736842106,81.3157894736842
702,8456.0,2014/2015,82.26086956521739,82.65217391304348
703,8456.0,2015/2016,81.8952380952381,84.23809523809524
704,7943.0,2008/2009,,
705,7943.0,2009/2010,,
706,7943.0,2010/2011,,
707,7943.0,2011/2012,,
708,7943.0,2012/2013,,
709,7943.0,2013/2014,,
710,7943.0,2014/2015,71.2625,76.25
711,7943.0,2015/2016,73.11666666666666,79.0
712,8460.0,2008/2009,,
713,8460.0,2009/2010,,
714,8460.0,2010/2011,,
715,8460.0,2011/2012,,
716,8460.0,2012/2013,,
717,8460.0,2013/2014,,
718,8460.0,2014/2015,68.62857142857143,70.0
719,8460.0,2015/2016,,
720,6413.0,2008/2009,,
721,6413.0,2009/2010,,
722,6413.0,2010/2011,,
723,6413.0,2011/2012,,
724,6413.0,2012/2013,,
725,6413.0,2013/2014,,
726,6413.0,2014/2015,,
727,6413.0,2015/2016,68.84545454545454,66.45454545454545
728,8462.0,2008/2009,75.8375,82.0
729,8462.0,2009/2010,72.52857142857142,77.21428571428571
730,8462.0,2010/2011,,
731,8462.0,2011/2012,,
732,8462.0,2012/2013,,
733,8462.0,2013/2014,,
734,8462.0,2014/2015,,
735,8462.0,2015/2016,,
736,8464.0,2008/2009,,
737,8464.0,2009/2010,,
738,8464.0,2010/2011,,
739,8464.0,2011/2012,,
740,8464.0,2012/2013,,
741,8464.0,2013/2014,,
742,8464.0,2014/2015,,
743,8464.0,2015/2016,67.68354430379746,66.5
744,8466.0,2008/2009,,
745,8466.0,2009/2010,,
746,8466.0,2010/2011,,
747,8466.0,2011/2012,,
748,8466.0,2012/2013,73.26,71.0
749,8466.0,2013/2014,75.03076923076924,75.15384615384616
750,8466.0,2014/2015,75.95454545454545,73.45454545454545
751,8466.0,2015/2016,76.44,76.0
752,10003.0,2008/2009,,
753,10003.0,2009/2010,,
754,10003.0,2010/2011,,
755,10003.0,2011/2012,72.13084112149532,81.0
756,10003.0,2012/2013,74.07,77.4
757,10003.0,2013/2014,75.34,78.13333333333334
758,10003.0,2014/2015,74.8125,77.0
759,10003.0,2015/2016,76.54444444444445,77.66666666666667
760,8472.0,2008/2009,74.04444444444445,71.0
761,8472.0,2009/2010,75.24,75.66666666666667
762,8472.0,2010/2011,76.11428571428571,76.14285714285714
763,8472.0,2011/2012,75.45,74.0
764,8472.0,2012/2013,75.17777777777778,76.0
765,8472.0,2013/2014,73.38461538461539,71.92307692307692
766,8472.0,2014/2015,73.88947368421053,74.0
767,8472.0,2015/2016,74.95555555555555,74.72222222222223
768,10233.0,2008/2009,75.73333333333333,77.0
769,10233.0,2009/2010,76.1,70.0
770,10233.0,2010/2011,75.14,77.0
771,10233.0,2011/2012,,
772,10233.0,2012/2013,,
773,10233.0,2013/2014,,
774,10233.0,2014/2015,73.08181818181818,74.0
775,10233.0,2015/2016,73.62857142857143,79.57142857142857
776,8479.0,2008/2009,72.53488372093024,71.0
777,8479.0,2009/2010,,
778,8479.0,2010/2011,,
779,8479.0,2011/2012,,
780,8479.0,2012/2013,,
781,8479.0,2013/2014,,
782,8479.0,2014/2015,,
783,8479.0,2015/2016,,
784,8483.0,2008/2009,,
785,8483.0,2009/2010,,
786,8483.0,2010/2011,73.5,71.5
787,8483.0,2011/2012,,
788,8483.0,2012/2013,,
789,8483.0,2013/2014,,
790,8483.0,2014/2015,,
791,8483.0,2015/2016,,
792,8524.0,2008/2009,74.4,73.0
793,8524.0,2009/2010,73.53333333333333,72.0
794,8524.0,2010/2011,,
795,8524.0,2011/2012,73.22,73.0
796,8524.0,2012/2013,,
797,8524.0,2013/2014,,
798,8524.0,2014/2015,72.81,64.0
799,8524.0,2015/2016,73.65,77.0
800,8525.0,2008/2009,,
801,8525.0,2009/2010,,
802,8525.0,2010/2011,,
803,8525.0,2011/2012,,
804,8525.0,2012/2013,,
805,8525.0,2013/2014,,
806,8525.0,2014/2015,,
807,8525.0,2015/2016,68.4375,69.0
808,8526.0,2008/2009,,
809,8526.0,2009/2010,,
810,8526.0,2010/2011,,
811,8526.0,2011/2012,,
812,8526.0,2012/2013,,
813,8526.0,2013/2014,,
814,8526.0,2014/2015,,
815,8526.0,2015/2016,65.54545454545455,66.0
816,8528.0,2008/2009,73.89166666666667,76.0
817,8528.0,2009/2010,74.43636363636364,75.18181818181819
818,8528.0,2010/2011,72.35555555555555,74.0
819,8528.0,2011/2012,71.52,77.0
820,8528.0,2012/2013,73.4875,78.25
821,8528.0,2013/2014,,
822,8528.0,2014/2015,,
823,8528.0,2015/2016,,
824,8529.0,2008/2009,73.84,76.0
825,8529.0,2009/2010,74.68,82.0
826,8529.0,2010/2011,73.22,73.0
827,8529.0,2011/2012,74.35,74.0
828,8529.0,2012/2013,,
829,8529.0,2013/2014,,
830,8529.0,2014/2015,71.73333333333333,71.83333333333333
831,8529.0,2015/2016,,
832,8530.0,2008/2009,72.94,73.8
833,8530.0,2009/2010,73.65,73.5
834,8530.0,2010/2011,72.55,75.0
835,8530.0,2011/2012,73.55,74.33333333333333
836,8530.0,2012/2013,,
837,8530.0,2013/2014,,
838,8530.0,2014/2015,,
839,8530.0,2015/2016,,
840,8533.0,2008/2009,72.4,75.0
841,8533.0,2009/2010,71.76666666666667,75.0
842,8533.0,2010/2011,73.0375,77.0
843,8533.0,2011/2012,73.24,78.0
844,8533.0,2012/2013,,
845,8533.0,2013/2014,,
846,8533.0,2014/2015,72.10625,72.375
847,8533.0,2015/2016,74.21818181818182,73.9090909090909
848,8534.0,2008/2009,,
849,8534.0,2009/2010,,
850,8534.0,2010/2011,,
851,8534.0,2011/2012,,
852,8534.0,2012/2013,,
853,8534.0,2013/2014,,
854,8534.0,2014/2015,69.61666666666666,69.0
855,8534.0,2015/2016,72.52857142857142,73.0
856,8535.0,2008/2009,78.98,87.0
857,8535.0,2009/2010,78.4,86.0
858,8535.0,2010/2011,75.56,77.0
859,8535.0,2011/2012,76.14285714285714,74.0
860,8535.0,2012/2013,,
861,8535.0,2013/2014,,
862,8535.0,2014/2015,75.93529411764706,75.52941176470588
863,8535.0,2015/2016,77.01538461538462,75.0
864,8537.0,2008/2009,,
865,8537.0,2009/2010,69.95,69.0
866,8537.0,2010/2011,,
867,8537.0,2011/2012,,
868,8537.0,2012/2013,,
869,8537.0,2013/2014,,
870,8537.0,2014/2015,,
871,8537.0,2015/2016,,
872,8540.0,2008/2009,75.3,79.0
873,8540.0,2009/2010,76.4,77.0
874,8540.0,2010/2011,76.74,77.9
875,8540.0,2011/2012,74.71666666666667,78.0
876,8540.0,2012/2013,,
877,8540.0,2013/2014,,
878,8540.0,2014/2015,70.17777777777778,76.0
879,8540.0,2015/2016,71.475,77.0
880,8543.0,2008/2009,75.57352941176471,74.85714285714286
881,8543.0,2009/2010,76.13513513513513,76.0
882,8543.0,2010/2011,77.32857142857142,76.0
883,8543.0,2011/2012,78.36666666666666,82.0
884,8543.0,2012/2013,,
885,8543.0,2013/2014,,
886,8543.0,2014/2015,76.73846153846154,77.61538461538461
887,8543.0,2015/2016,78.06875,78.5
888,8549.0,2008/2009,74.13125,73.0
889,8549.0,2009/2010,,
890,8549.0,2010/2011,,
891,8549.0,2011/2012,,
892,8549.0,2012/2013,,
893,8549.0,2013/2014,,
894,8549.0,2014/2015,,
895,8549.0,2015/2016,,
896,8550.0,2008/2009,,
897,8550.0,2009/2010,,
898,8550.0,2010/2011,,
899,8550.0,2011/2012,,
900,8550.0,2012/2013,,
901,8550.0,2013/2014,,
902,8550.0,2014/2015,68.7,67.71428571428571
903,8550.0,2015/2016,,
904,8551.0,2008/2009,71.96666666666667,74.66666666666667
905,8551.0,2009/2010,69.8,76.0
906,8551.0,2010/2011,,
907,8551.0,2011/2012,70.78,66.0
908,8551.0,2012/2013,,
909,8551.0,2013/2014,,
910,8551.0,2014/2015,,
911,8551.0,2015/2016,,
912,8558.0,2008/2009,74.85,81.0
913,8558.0,2009/2010,71.34,78.2
914,8558.0,2010/2011,73.5,82.0
915,8558.0,2011/2012,74.16666666666667,75.5
916,8558.0,2012/2013,,
917,8558.0,2013/2014,,
918,8558.0,2014/2015,71.56666666666666,80.0
919,8558.0,2015/2016,74.53333333333333,70.0
920,8559.0,2008/2009,73.71052631578948,80.0
921,8559.0,2009/2010,72.21818181818182,80.0
922,8559.0,2010/2011,74.6,79.0
923,8559.0,2011/2012,72.24285714285715,73.57142857142857
924,8559.0,2012/2013,,
925,8559.0,2013/2014,,
926,8559.0,2014/2015,,
927,8559.0,2015/2016,,
928,8560.0,2008/2009,,
929,8560.0,2009/2010,,
930,8560.0,2010/2011,73.56666666666666,79.0
931,8560.0,2011/2012,72.45,78.0
932,8560.0,2012/2013,,
933,8560.0,2013/2014,,
934,8560.0,2014/2015,75.85333333333334,73.66666666666667
935,8560.0,2015/2016,75.35833333333333,79.0
936,8564.0,2008/2009,81.5179856115108,78.85714285714286
937,8564.0,2009/2010,80.87142857142857,77.0
938,8564.0,2010/2011,80.0,80.5
939,8564.0,2011/2012,80.64545454545454,80.63636363636364
940,8564.0,2012/2013,,
941,8564.0,2013/2014,,
942,8564.0,2014/2015,77.6,80.5
943,8564.0,2015/2016,77.56,71.1
944,8581.0,2008/2009,,
945,8581.0,2009/2010,,
946,8581.0,2010/2011,70.89090909090909,72.0
947,8581.0,2011/2012,73.56666666666666,74.0
948,8581.0,2012/2013,,
949,8581.0,2013/2014,,
950,8581.0,2014/2015,72.86666666666666,71.86666666666666
951,8581.0,2015/2016,74.15,73.3
952,8586.0,2008/2009,77.76875,74.375
953,8586.0,2009/2010,79.40714285714286,80.92857142857143
954,8586.0,2010/2011,80.42,79.8
955,8586.0,2011/2012,81.1,81.0
956,8586.0,2012/2013,79.78888888888889,83.33333333333333
957,8586.0,2013/2014,,83.6875
958,8586.0,2014/2015,,84.33333333333333
959,8586.0,2015/2016,,85.0
960,8588.0,2008/2009,,
961,8588.0,2009/2010,,
962,8588.0,2010/2011,,
963,8588.0,2011/2012,,
964,8588.0,2012/2013,,
965,8588.0,2013/2014,,
966,8588.0,2014/2015,67.15,68.9
967,8588.0,2015/2016,,
968,8592.0,2008/2009,,
969,8592.0,2009/2010,,
970,8592.0,2010/2011,,
971,8592.0,2011/2012,,
972,8592.0,2012/2013,,
973,8592.0,2013/2014,,
974,8592.0,2014/2015,75.5875,82.0
975,8592.0,2015/2016,75.95,82.28571428571429
976,8593.0,2008/2009,,
977,8593.0,2009/2010,,
978,8593.0,2010/2011,,
979,8593.0,2011/2012,73.46666666666667,73.0
980,8593.0,2012/2013,,
981,8593.0,2013/2014,,
982,8593.0,2014/2015,,
983,8593.0,2015/2016,75.5125,81.0
984,8600.0,2008/2009,76.7,78.0
985,8600.0,2009/2010,76.73333333333333,78.0
986,8600.0,2010/2011,76.83333333333333,75.0
987,8600.0,2011/2012,76.63333333333334,82.0
988,8600.0,2012/2013,,
989,8600.0,2013/2014,,
990,8600.0,2014/2015,73.40833333333333,76.0
991,8600.0,2015/2016,74.85,78.0
992,8602.0,2008/2009,,
993,8602.0,2009/2010,69.81666666666666,73.58333333333333
994,8602.0,2010/2011,71.3,73.4
995,8602.0,2011/2012,73.3625,76.125
996,8602.0,2012/2013,,
997,8602.0,2013/2014,,
998,8602.0,2014/2015,,
999,8602.0,2015/2016,,
1000,8603.0,2008/2009,72.3,73.66666666666667
1001,8603.0,2009/2010,,
1002,8603.0,2010/2011,,
1003,8603.0,2011/2012,72.43333333333334,71.66666666666667
1004,8603.0,2012/2013,,
1005,8603.0,2013/2014,,
1006,8603.0,2014/2015,,
1007,8603.0,2015/2016,74.51818181818182,77.0
1008,8611.0,2008/2009,,
1009,8611.0,2009/2010,,
1010,8611.0,2010/2011,,
1011,8611.0,2011/2012,,
1012,8611.0,2012/2013,,
1013,8611.0,2013/2014,,
1014,8611.0,2014/2015,,
1015,8611.0,2015/2016,68.94615384615385,66.53846153846153
1016,10167.0,2008/2009,,
1017,10167.0,2009/2010,,
1018,10167.0,2010/2011,73.475,74.875
1019,10167.0,2011/2012,73.95,71.5
1020,10167.0,2012/2013,,
1021,10167.0,2013/2014,,
1022,10167.0,2014/2015,70.96666666666667,77.0
1023,10167.0,2015/2016,,
1024,8121.0,2008/2009,,
1025,8121.0,2009/2010,,
1026,8121.0,2010/2011,,
1027,8121.0,2011/2012,,
1028,8121.0,2012/2013,,
1029,8121.0,2013/2014,,
1030,8121.0,2014/2015,,
1031,8121.0,2015/2016,69.93076923076923,69.6923076923077
1032,8634.0,2008/2009,83.26829268292683,81.41176470588235
1033,8634.0,2009/2010,83.70560747663552,84.0
1034,8634.0,2010/2011,82.85833333333333,84.0
1035,8634.0,2011/2012,85.37142857142857,83.14285714285714
1036,8634.0,2012/2013,,
1037,8634.0,2013/2014,85.7,83.0
1038,8634.0,2014/2015,84.02777777777777,82.27777777777777
1039,8634.0,2015/2016,85.37647058823529,82.76470588235294
1040,8633.0,2008/2009,81.76582278481013,91.0
1041,8633.0,2009/2010,82.67857142857143,90.0
1042,8633.0,2010/2011,83.42,86.0
1043,8633.0,2011/2012,84.58,89.0
1044,8633.0,2012/2013,,
1045,8633.0,2013/2014,84.5,84.0
1046,8633.0,2014/2015,84.16923076923077,83.42307692307692
1047,8633.0,2015/2016,84.675,82.0
1048,10172.0,2008/2009,,
1049,10172.0,2009/2010,,
1050,10172.0,2010/2011,,
1051,10172.0,2011/2012,72.3,74.57142857142857
1052,10172.0,2012/2013,74.43333333333334,80.66666666666667
1053,10172.0,2013/2014,,
1054,10172.0,2014/2015,74.07692307692308,75.92307692307692
1055,10172.0,2015/2016,,
1056,8636.0,2008/2009,82.03370786516854,85.77777777777777
1057,8636.0,2009/2010,83.1125,89.0
1058,8636.0,2010/2011,81.43333333333334,84.5
1059,8636.0,2011/2012,81.48,84.0
1060,8636.0,2012/2013,,
1061,8636.0,2013/2014,,
1062,8636.0,2014/2015,76.49375,83.375
1063,8636.0,2015/2016,78.73076923076923,83.0
1064,8639.0,2008/2009,,
1065,8639.0,2009/2010,,
1066,8639.0,2010/2011,,
1067,8639.0,2011/2012,,
1068,8639.0,2012/2013,,
1069,8639.0,2013/2014,,
1070,8639.0,2014/2015,73.34166666666667,81.0
1071,8639.0,2015/2016,74.50909090909092,78.27272727272727
1072,8640.0,2008/2009,,
1073,8640.0,2009/2010,,
1074,8640.0,2010/2011,,
1075,8640.0,2011/2012,75.6,77.0
1076,8640.0,2012/2013,,
1077,8640.0,2013/2014,,
1078,8640.0,2014/2015,,
1079,8640.0,2015/2016,76.45,78.0
1080,8650.0,2008/2009,81.33888888888889,84.0
1081,8650.0,2009/2010,82.02222222222223,84.0
1082,8650.0,2010/2011,79.3,85.0
1083,8650.0,2011/2012,79.6875,85.0
1084,8650.0,2012/2013,79.34545454545454,79.45454545454545
1085,8650.0,2013/2014,79.04444444444445,81.0
1086,8650.0,2014/2015,78.48235294117647,79.47058823529412
1087,8650.0,2015/2016,78.29444444444445,77.44444444444444
1088,10189.0,2008/2009,78.8,77.75
1089,10189.0,2009/2010,75.65,84.0
1090,10189.0,2010/2011,76.05714285714286,86.0
1091,10189.0,2011/2012,77.7,72.5
1092,10189.0,2012/2013,,
1093,10189.0,2013/2014,,
1094,10189.0,2014/2015,76.18181818181819,71.36363636363636
1095,10189.0,2015/2016,77.26666666666667,82.0
1096,8654.0,2008/2009,74.56852791878173,80.0
1097,8654.0,2009/2010,73.27857142857142,81.0
1098,8654.0,2010/2011,72.82307692307693,77.3076923076923
1099,8654.0,2011/2012,,
1100,8654.0,2012/2013,72.4,72.0
1101,8654.0,2013/2014,73.10526315789474,74.15789473684211
1102,8654.0,2014/2015,73.575,77.0
1103,8654.0,2015/2016,76.04651162790698,76.61538461538461
1104,8655.0,2008/2009,75.16666666666667,76.71428571428571
1105,8655.0,2009/2010,74.54444444444445,77.0
1106,8655.0,2010/2011,75.3,79.0
1107,8655.0,2011/2012,73.12,76.7
1108,8655.0,2012/2013,,
1109,8655.0,2013/2014,,
1110,8655.0,2014/2015,,
1111,8655.0,2015/2016,,
1112,10194.0,2008/2009,70.38888888888889,74.33333333333333
1113,10194.0,2009/2010,73.2,74.0
1114,10194.0,2010/2011,74.77777777777777,75.0
1115,10194.0,2011/2012,75.2625,75.5
1116,10194.0,2012/2013,74.88,79.0
1117,10194.0,2013/2014,74.21428571428571,78.92857142857143
1118,10194.0,2014/2015,74.31111111111112,80.5
1119,10194.0,2015/2016,76.35454545454546,76.0909090909091
1120,8659.0,2008/2009,70.27222222222223,75.44444444444444
1121,8659.0,2009/2010,,
1122,8659.0,2010/2011,72.84057971014492,74.71428571428571
1123,8659.0,2011/2012,72.84126984126983,77.46153846153847
1124,8659.0,2012/2013,72.81428571428572,77.28571428571429
1125,8659.0,2013/2014,73.5764705882353,75.88235294117646
1126,8659.0,2014/2015,73.33636363636364,76.63636363636364
1127,8659.0,2015/2016,74.49545454545455,75.18181818181819
1128,8658.0,2008/2009,,
1129,8658.0,2009/2010,76.97142857142858,79.0
1130,8658.0,2010/2011,75.65,80.0
1131,8658.0,2011/2012,,
1132,8658.0,2012/2013,,
1133,8658.0,2013/2014,,
1134,8658.0,2014/2015,,
1135,8658.0,2015/2016,,
1136,8661.0,2008/2009,74.4,75.6
1137,8661.0,2009/2010,75.35955056179775,78.0
1138,8661.0,2010/2011,74.02631578947368,78.0
1139,8661.0,2011/2012,71.6,77.0
1140,8661.0,2012/2013,,
1141,8661.0,2013/2014,,
1142,8661.0,2014/2015,,
1143,8661.0,2015/2016,,
1144,8152.0,2008/2009,,
1145,8152.0,2009/2010,,
1146,8152.0,2010/2011,69.9,70.6
1147,8152.0,2011/2012,,
1148,8152.0,2012/2013,,
1149,8152.0,2013/2014,,
1150,8152.0,2014/2015,,
1151,8152.0,2015/2016,,
1152,8667.0,2008/2009,71.98333333333333,74.16666666666667
1153,8667.0,2009/2010,70.1923076923077,70.76923076923077
1154,8667.0,2010/2011,,
1155,8667.0,2011/2012,,
1156,8667.0,2012/2013,,
1157,8667.0,2013/2014,71.675,71.25
1158,8667.0,2014/2015,72.60555555555555,71.11111111111111
1159,8667.0,2015/2016,,
1160,8668.0,2008/2009,77.65714285714286,84.0
1161,8668.0,2009/2010,78.3,82.0
1162,8668.0,2010/2011,77.51,81.0
1163,8668.0,2011/2012,76.52,80.0
1164,8668.0,2012/2013,77.32222222222222,81.0
1165,8668.0,2013/2014,77.64375,81.0
1166,8668.0,2014/2015,77.95555555555555,79.5
1167,8668.0,2015/2016,78.07894736842105,77.47368421052632
1168,10205.0,2008/2009,78.4,83.0
1169,10205.0,2009/2010,78.1,84.0
1170,10205.0,2010/2011,77.98333333333333,83.0
1171,10205.0,2011/2012,76.2,81.66666666666667
1172,10205.0,2012/2013,,
1173,10205.0,2013/2014,,
1174,10205.0,2014/2015,75.04545454545455,79.0
1175,10205.0,2015/2016,78.01818181818182,78.27272727272727
1176,8674.0,2008/2009,,
1177,8674.0,2009/2010,,
1178,8674.0,2010/2011,,
1179,8674.0,2011/2012,,
1180,8674.0,2012/2013,,
1181,8674.0,2013/2014,,
1182,8674.0,2014/2015,,
1183,8674.0,2015/2016,70.45714285714286,74.0
1184,8165.0,2008/2009,,
1185,8165.0,2009/2010,71.1,74.0
1186,8165.0,2010/2011,70.88,76.0
1187,8165.0,2011/2012,73.03333333333333,76.0
1188,8165.0,2012/2013,,
1189,8165.0,2013/2014,,
1190,8165.0,2014/2015,,
1191,8165.0,2015/2016,,
1192,8678.0,2008/2009,,
1193,8678.0,2009/2010,,
1194,8678.0,2010/2011,,
1195,8678.0,2011/2012,,
1196,8678.0,2012/2013,,
1197,8678.0,2013/2014,,
1198,8678.0,2014/2015,,
1199,8678.0,2015/2016,71.94117647058823,75.47058823529412
1200,10217.0,2008/2009,,
1201,10217.0,2009/2010,,
1202,10217.0,2010/2011,,
1203,10217.0,2011/2012,,
1204,10217.0,2012/2013,,
1205,10217.0,2013/2014,,
1206,10217.0,2014/2015,,
1207,10217.0,2015/2016,69.4,71.0
1208,10218.0,2008/2009,,
1209,10218.0,2009/2010,,
1210,10218.0,2010/2011,,
1211,10218.0,2011/2012,,
1212,10218.0,2012/2013,,
1213,10218.0,2013/2014,,
1214,10218.0,2014/2015,,
1215,10218.0,2015/2016,67.17333333333333,64.53333333333333
1216,8686.0,2008/2009,80.775,77.5
1217,8686.0,2009/2010,80.1625,73.625
1218,8686.0,2010/2011,79.61428571428571,76.14285714285714
1219,8686.0,2011/2012,76.83636363636364,82.0
1220,8686.0,2012/2013,,
1221,8686.0,2013/2014,,
1222,8686.0,2014/2015,78.4,77.58823529411765
1223,8686.0,2015/2016,79.56428571428572,78.0
1224,8689.0,2008/2009,,
1225,8689.0,2009/2010,,
1226,8689.0,2010/2011,,
1227,8689.0,2011/2012,,
1228,8689.0,2012/2013,,
1229,8689.0,2013/2014,,
1230,8689.0,2014/2015,70.14388489208633,71.0
1231,8689.0,2015/2016,71.38888888888889,76.0
1232,8178.0,2008/2009,78.075,85.0
1233,8178.0,2009/2010,77.44,84.0
1234,8178.0,2010/2011,78.1,81.57142857142857
1235,8178.0,2011/2012,77.28333333333333,78.0
1236,8178.0,2012/2013,,
1237,8178.0,2013/2014,,
1238,8178.0,2014/2015,76.71666666666667,82.0
1239,8178.0,2015/2016,77.89166666666667,83.0
1240,8177.0,2008/2009,75.25,79.0
1241,8177.0,2009/2010,73.36666666666666,81.0
1242,8177.0,2010/2011,,
1243,8177.0,2011/2012,73.2,76.0
1244,8177.0,2012/2013,,
1245,8177.0,2013/2014,,
1246,8177.0,2014/2015,73.52857142857142,74.64285714285714
1247,8177.0,2015/2016,75.15625,74.125
1248,10228.0,2008/2009,,
1249,10228.0,2009/2010,,
1250,10228.0,2010/2011,,
1251,10228.0,2011/2012,,
1252,10228.0,2012/2013,,
1253,10228.0,2013/2014,,
1254,10228.0,2014/2015,,
1255,10228.0,2015/2016,69.94017094017094,74.0
1256,10229.0,2008/2009,,
1257,10229.0,2009/2010,,
1258,10229.0,2010/2011,,
1259,10229.0,2011/2012,,
1260,10229.0,2012/2013,,
1261,10229.0,2013/2014,,
1262,10229.0,2014/2015,,
1263,10229.0,2015/2016,71.08,68.0
1264,8690.0,2008/2009,68.10526315789474,64.5
1265,8690.0,2009/2010,,
1266,8690.0,2010/2011,,
1267,8690.0,2011/2012,,
1268,8690.0,2012/2013,,
1269,8690.0,2013/2014,,
1270,8690.0,2014/2015,,
1271,8690.0,2015/2016,,
1272,4087.0,2008/2009,,
1273,4087.0,2009/2010,,
1274,4087.0,2010/2011,,
1275,4087.0,2011/2012,,
1276,4087.0,2012/2013,,
1277,4087.0,2013/2014,,
1278,4087.0,2014/2015,68.91919191919192,67.8
1279,4087.0,2015/2016,,
1280,8696.0,2008/2009,72.15,79.0
1281,8696.0,2009/2010,72.46666666666667,73.66666666666667
1282,8696.0,2010/2011,73.05,75.0
1283,8696.0,2011/2012,71.025,76.0
1284,8696.0,2012/2013,,
1285,8696.0,2013/2014,,
1286,8696.0,2014/2015,,
1287,8696.0,2015/2016,,
1288,8697.0,2008/2009,78.3625,81.0
1289,8697.0,2009/2010,78.225,83.0
1290,8697.0,2010/2011,75.78333333333333,79.66666666666667
1291,8697.0,2011/2012,74.12,83.0
1292,8697.0,2012/2013,,
1293,8697.0,2013/2014,,
1294,8697.0,2014/2015,72.34615384615384,70.84615384615384
1295,8697.0,2015/2016,,75.0
1296,10235.0,2008/2009,,
1297,10235.0,2009/2010,,
1298,10235.0,2010/2011,,
1299,10235.0,2011/2012,69.4,68.0
1300,10235.0,2012/2013,,
1301,10235.0,2013/2014,,
1302,10235.0,2014/2015,,
1303,10235.0,2015/2016,74.45333333333333,78.0
1304,8191.0,2008/2009,,
1305,8191.0,2009/2010,73.09302325581395,76.0
1306,8191.0,2010/2011,,
1307,8191.0,2011/2012,,
1308,8191.0,2012/2013,,
1309,8191.0,2013/2014,,
1310,8191.0,2014/2015,70.53157894736842,72.0
1311,8191.0,2015/2016,,
