,Unnamed: 0,IPW,S_learner,T_learner,Matching_propensity,Matching_all
0,0.0,-0.0414107470723283,-0.0398886827458256,0.1363636363636363,0.3399814471243043,0.6590909090909091
1,1.0,-0.5997190324824055,0.0096246390760346,0.2377285851780558,0.3599615014436959,0.8084696823869105
2,2.0,-1.1308219832717352,-0.0861678004535147,0.2072562358276644,0.1310657596371882,0.7777777777777778
3,3.0,0.2944460302575833,0.0284926470588235,0.4733455882352941,0.4655330882352941,0.9508272058823528
4,4.0,-0.0745541077532356,0.0392156862745098,0.492063492063492,0.5732959850606909,0.7371615312791784
5,5.0,-0.3291904543113024,0.0248161764705882,0.1801470588235294,0.3386948529411764,0.7541360294117647
6,6.0,-0.1831251311437367,0.0184484389782403,0.543046357615894,0.3107852412488174,0.7015137180700095
7,7.0,0.3236986564269073,0.2227533460803059,0.3542065009560229,0.6510516252390057,0.8236137667304015
8,8.0,0.2229384029838796,0.0674789128397375,0.6288659793814433,0.2760074976569822,0.8317713214620431
9,9.0,0.0294937166809199,0.0141978230004732,0.3289162328442972,0.0719356365357311,0.6928537624230952
10,10.0,-0.9722588325022036,0.034563288183092,0.4226996730499766,0.3274170948155068,0.7015413358243812
11,11.0,-0.1020738828352429,-0.014018691588785,0.3813084112149533,0.1214953271028037,0.6257009345794392
12,12.0,0.3811234890049277,0.012013455069678,0.509851033157136,0.344065353195579,0.5036040365209035
13,13.0,-0.4048769310140492,-0.0269121813031161,0.5226628895184136,0.4428706326723324,0.9183191690273844
14,14.0,-0.3136953459408205,-0.0056022408963585,0.0648926237161531,0.2450980392156862,0.7586367880485527
15,15.0,0.449124652921848,0.0,0.2579681274900398,0.4053784860557768,0.7475099601593626
16,16.0,0.1792879391813882,-0.0103141115799343,0.3019221753398968,0.2831692451945616,0.8823253633380216
17,17.0,-0.2065356765175949,0.0,0.478240302743614,0.521286660359508,0.6579943235572374
18,18.0,0.8221473425091852,-0.0075973409306742,0.449667616334283,0.5835707502374169,0.7649572649572649
19,19.0,0.1364134688289886,-0.0572219658514074,0.3451776649746192,0.5569912321181357,0.7161975080756806
20,20.0,0.0610107351315352,0.1907834101382488,0.3783410138248848,0.4649769585253456,0.8635944700460829
21,21.0,0.7033741053472413,0.3310778153697438,0.4494925084581924,0.4093765103914935,0.804736587723538
22,22.0,0.3939874698912566,-0.0926103646833013,0.4395393474088291,0.2927063339731286,0.5239923224568138
23,23.0,0.2813921212183388,0.0176358436606291,0.4146806482364156,0.6606291706387035,0.8136320305052431
24,24.0,0.0285561185688552,0.0172735760971055,0.2941176470588235,0.7366946778711485,0.7581699346405228
25,25.0,0.6009912001510225,0.0762711864406779,0.42984934086629,0.5056497175141242,0.8408662900188324
26,26.0,0.126773758240609,0.0403071017274472,0.2279270633397312,0.5014395393474088,0.7682341650671785
27,27.0,-0.3112351072114832,-0.0088372093023255,0.3572093023255814,0.6074418604651163,0.8637209302325581
28,28.0,0.195752194663886,0.034372135655362,0.6434463794683777,0.3249312557286892,0.7195233730522457
29,29.0,0.271284042739957,-0.0042979942693409,0.2841451766953199,0.221585482330468,0.620821394460363
30,30.0,0.2915415849765312,0.0009372071227741,0.4376757263355201,0.3650421743205248,0.8069353327085286
31,31.0,-0.1522533997333748,-0.0091434071222329,0.3811357074109721,0.5505293551491819,0.8431183830606352
32,32.0,0.3041954562569282,0.0233426704014939,0.3183940242763772,0.4603174603174603,0.6890756302521008
33,33.0,0.2598402026159494,-0.1128133704735376,0.0348189415041782,0.5608170844939647,0.7353760445682451
34,34.0,-0.1095022143901838,-0.0161673799334284,0.1355206847360913,0.3932477413219211,0.8036138849262958
35,35.0,0.2537096743792921,0.1204534718941899,0.4964572508266415,0.4213509683514407,0.83656117146906
36,36.0,0.4203898638031509,0.0019258545979778,0.274434280211844,0.4848338950409244,0.7611940298507462
37,37.0,0.2477040510393644,-0.0672430355427473,0.4101825168107589,0.3784822286263208,0.5268972142170989
38,38.0,-0.1623368395151589,0.0124760076775431,0.2912667946257197,0.4337811900191938,0.7202495201535508
39,39.0,-0.0266789883107452,0.0032272936837252,0.598893499308437,0.3642231443061318,0.929921622867681
40,40.0,0.0099022223497877,0.0014381591562799,0.4635666347075743,0.412751677852349,0.6524448705656759
41,41.0,0.2521645080093204,-0.0109056424845898,0.3466097676623992,0.4329065908013276,0.7757230915125652
42,42.0,0.9290234654136572,0.3518060366155369,0.3240969816922315,0.4774863928748144,0.70262246412667
43,43.0,-0.4339478537364232,0.016893477240732,0.4171750351947442,0.2632566870014078,0.6278742374472079
44,44.0,0.1784314426011923,-0.0459662288930581,0.5136022514071295,0.2650093808630394,0.7626641651031895
45,45.0,-0.1801546047284468,-0.028530670470756,0.3214455539705183,0.4303376129339039,0.7465525439847837
46,46.0,0.3956639229329042,0.0019065776930409,0.0896091515729265,0.5900857959961868,0.6720686367969495
47,47.0,0.5161520380342255,0.0282975810132359,0.3989046097672296,0.52259242355089,0.983112733911456
48,48.0,0.1485015811911125,0.0055401662049861,0.2123730378578024,0.3033240997229917,0.8444136657433057
49,49.0,-0.1902477345811668,-0.0131517144199154,0.4589008924377642,0.3837482386096759,0.8609675904180366
50,50.0,-0.0594967093243501,0.0057692307692307,0.4740384615384615,0.3754807692307692,0.8134615384615385
51,51.0,-0.1080378716152958,0.0085470085470085,0.3907882241215574,0.2777777777777778,0.6495726495726496
52,52.0,-0.1532029083741934,-0.0515463917525773,0.3683223992502343,0.3992502343017807,0.738987816307404
53,53.0,0.4163106665950056,-0.0111940298507462,0.3591417910447761,0.4267723880597014,0.7444029850746269
54,54.0,0.3660421349787608,0.0571840461316674,0.2220086496876501,0.4247957712638154,0.6804420951465642
55,55.0,0.2138822701703935,-0.0246626337831549,0.4457887389483481,0.3317822242903676,0.6533271288971615
56,56.0,0.1811866842983449,-0.0074836295603367,0.3133769878391019,0.2998129092609916,0.7712815715622077
57,57.0,0.4399844021876435,0.0674641148325358,0.3358851674641148,0.3363636363636363,0.7545454545454545
58,58.0,0.3216623132053451,-0.0013927576601671,0.3737233054781801,0.3862581244196843,0.60677808727948
59,59.0,0.2051377044912716,0.0632794457274826,0.7621247113163973,0.4882217090069284,0.8004618937644342
60,60.0,0.4638731516507666,0.0151802656546489,0.4217267552182163,0.6726755218216319,0.8363377609108159
61,61.0,0.3716699186504533,0.0248243559718969,0.2107728337236534,0.3859484777517564,0.7138173302107729
62,62.0,0.0267608648201176,0.0294957183634633,0.236441484300666,0.2740247383444338,0.6588962892483349
63,63.0,0.3983475215601051,0.09005186232909,0.4002828854314003,0.3257897218293258,0.7906647807637907
64,64.0,-0.0256155080554054,0.2821712681328965,0.1754796443612541,0.3799719232569022,0.7360786148806738
65,65.0,-0.0711918365820665,0.0276995305164319,0.4873239436619718,0.3629107981220657,0.6258215962441315
66,66.0,0.1480781642207298,0.0242341106538637,0.6149977137631458,0.407864654778235,0.6726108824874257
67,67.0,0.3040337299302917,-0.0215792054928886,0.2270720941638057,0.2849435998038254,0.5635115252574792
68,68.0,0.2297557664635854,-0.0101892285298398,0.2688015526443474,0.4623968947113052,0.7016011644832606
69,69.0,0.3911785972203891,0.0880853036624942,0.7974038015762633,0.4362540565600371,0.923968474733426
70,70.0,0.2924643669816911,0.0664172123479887,0.5514499532273153,0.7614593077642656,0.8250701590271281
71,71.0,0.0074333626852371,-0.0662004662004662,0.351981351981352,0.3202797202797203,0.8237762237762237
72,72.0,0.3490819404408536,-0.0049067713444553,0.4474975466143278,0.5235525024533857,0.7031403336604515
73,73.0,0.1901024254854411,0.1187703772706101,0.1155100139729855,0.3656264555193293,0.7270610153702841
74,74.0,-0.1134614421072344,0.0606481481481481,0.5162037037037037,0.5439814814814815,0.8037037037037037
75,75.0,0.3331214058636096,0.2032640949554896,0.3620178041543027,0.3348170128585558,0.820969337289812
76,76.0,-0.1342217899305895,0.0275011853959222,0.1417733522996681,0.0953058321479374,0.5324798482693219
77,77.0,-0.0307251867808444,0.0480369515011547,0.0484988452655889,0.4064665127020785,0.7681293302540416
78,78.0,0.7702376379681866,-0.0028639618138424,0.3756563245823389,0.5513126491646778,0.7627684964200477
79,79.0,-0.0157875479776929,0.0391791044776119,0.5130597014925373,0.3666044776119403,0.7486007462686567
80,80.0,0.5658131233407895,0.0,0.3512613041408853,0.387434554973822,0.646834840552118
81,81.0,0.3399274167176518,0.0366265060240963,0.5667469879518072,0.447710843373494,0.7778313253012048
82,82.0,0.3509744683797358,-0.0101804720037019,0.2785747339194817,0.6385932438685794,0.8597871355853771
83,83.0,0.2314881168530678,0.0106039649608114,0.0779160903642231,0.3702166897187644,0.7796219455970493
84,84.0,0.4541543534638719,-0.007801072647489,0.2798634812286689,0.3773768893222818,0.5119453924914675
85,85.0,0.4019172797973094,0.1453681710213776,0.4798099762470308,0.4332541567695962,0.7828978622327791
86,86.0,0.0863802305135563,0.0749414519906323,0.2177985948477751,0.2060889929742388,0.8271662763466042
87,87.0,0.1499087183471799,-0.01628664495114,0.5365286179618427,0.3722661703117729,0.7636109818520243
88,88.0,0.286545809659148,-0.0032317636195752,0.3245614035087719,0.5378578024007387,0.832409972299169
89,89.0,0.2815447270794404,-0.0106024096385542,0.4308433734939759,0.5918072289156626,0.8260240963855422
90,90.0,0.0920619951629855,0.0014360938247965,0.3417903303015797,0.6448061273336525,0.755385351842987
91,91.0,0.0702766178216105,0.005188679245283,0.3382075471698113,0.4344339622641509,0.725
92,92.0,0.4461502920840532,0.0333969465648854,0.4184160305343511,0.3105916030534351,0.903148854961832
93,93.0,-0.5098298473217837,0.2373282804358124,0.5054476551397442,0.4846044528659403,0.6177167219327333
94,94.0,0.5967939586718987,0.0123398196487897,0.43046986236355,0.5975320360702421,0.6829615567157096
95,95.0,0.1005223135305466,-0.0174199623352165,0.4006591337099812,0.538135593220339,0.7137476459510358
96,96.0,-0.2711663547673013,0.1328638497652582,0.564319248826291,0.2366197183098591,0.7450704225352113
97,97.0,-0.521409491323527,0.1877627276973377,0.7248949089210649,0.7426436244745446,0.8468005604857544
98,98.0,0.4480923609216054,0.0152777777777777,0.4611111111111111,0.3314814814814815,0.8236111111111111
99,99.0,-0.4397469905070941,0.0079402148528724,0.1924334423166744,0.360112097150864,0.6539000467071462
0,,0.16102529541070343,0.0033444816053511705,0.4123268036311515,0.5136168179646441,0.7544194935499283
1,,0.4874999005896874,0.013409961685823755,0.27729885057471265,0.4846743295019157,0.7088122605363985
2,,0.1166979496472953,0.0408745247148289,0.5090304182509505,0.3502851711026616,0.7576045627376425
3,,0.28499356837779066,-0.04509159229685298,0.35885392202912164,0.32832315641146076,0.7059652418976045
4,,-0.30045616982586454,0.08877159309021113,0.6070057581573897,0.5945297504798465,0.8819577735124761
5,,0.3680554774532543,0.08919049927290354,0.4575860397479399,0.6296655356277266,0.7847794474066893
6,,0.4254980252928844,0.04226020892687559,0.5408357075023742,0.292022792022792,0.7958214624881291
7,,0.5966857743132699,0.25248697299857886,0.3633349123638086,0.5897678825201327,0.7693036475603979
8,,0.004177991271492765,0.0014251781472684087,0.3838479809976247,0.691686460807601,0.8128266033254157
9,,0.5756264781332376,0.14410681399631675,0.7813075506445673,0.6878453038674033,0.9838858195211786
10,,-0.10979234578629882,0.09330254041570439,0.15935334872979215,0.15381062355658198,0.7187066974595843
11,,0.09632074980534089,-0.004784688995215311,0.26889952153110047,0.28421052631578947,0.6779904306220096
12,,0.24324323049640295,-0.01990521327014218,0.1815165876777251,0.3881516587677725,0.7265402843601896
13,,0.3984388234689882,0.09004287756074321,0.42115292996665077,0.30824202000952833,0.6989042401143402
14,,-0.45733864580332106,0.043057571359458154,0.6889211417513305,0.34107402031930334,0.7227866473149492
15,,0.28141443230985663,0.035829122645842905,0.3748277446026642,0.6908589802480478,0.6729444189251264
16,,-1.308200466346067,0.00723589001447178,0.40762180414857696,0.4109985528219971,0.8031837916063675
17,,0.4333792476759837,-0.03533906399235912,0.4379178605539637,0.5162368672397326,0.6795606494746896
18,,0.38002070545398103,0.0,0.19709737827715357,0.2916666666666667,0.7537453183520599
19,,-0.14713552426924004,0.05099150141643059,0.6355051935788479,0.4475920679886686,0.7412653446647781
20,,-0.3919025184562006,-0.03409621672115834,0.6085941148995796,0.4852872489490892,0.7856141989724428
21,,-0.4569054628337148,0.028005794302269436,0.5968131337518107,0.6030902945436987,0.7600193143408981
22,,0.2119336620684602,0.25035161744022505,0.41397093295827475,0.4936708860759494,0.7834036568213784
23,,-0.033916209312809364,0.01345707656612529,0.4464037122969838,0.4088167053364269,0.7712296983758701
24,,0.8539486351022743,0.03722902921771913,0.1946277097078228,0.5551366635249765,0.8086710650329878
25,,0.4890060564220615,0.00471253534401508,0.39161168708765315,0.4481621112158341,0.7360980207351555
26,,0.6473778119663041,0.06861804222648753,0.7096928982725528,0.5081573896353166,0.699616122840691
27,,0.3633082608197924,0.019801980198019802,0.07873644507307874,0.49787835926449786,0.6544082979726544
28,,0.06938516329093591,0.0149812734082397,0.45880149812734083,0.09550561797752809,0.7771535580524345
29,,0.42222872967501335,-0.008430913348946136,0.6135831381733021,0.4852459016393443,0.9466042154566745
30,,0.20487038836514904,-0.016595542911332386,0.5462304409672831,0.23470839260312945,0.7994310099573257
31,,0.11460065147381204,-0.07388235294117647,0.4272941176470588,0.6367058823529411,0.9590588235294117
32,,-0.16024346456905114,0.018198786747550162,0.2216518898740084,0.4139057396173588,0.7881474568362109
33,,0.4068052250829135,0.08561967833491012,0.379848628192999,0.4474929044465468,0.6712393566698203
34,,0.18628931606032983,0.03422409751523676,0.47960618846694797,0.5236755743084857,0.712611345522738
35,,-0.37011444272398597,0.21094112192860454,0.3481687528975429,0.521557719054242,0.8312471024571164
36,,0.7522201070829273,0.0340632603406326,0.3357664233576642,0.5182481751824818,0.7245742092457421
37,,-2.3861077550604275,-0.009722897423432183,0.28633932912007776,0.18716577540106952,0.6587263004375303
38,,0.5643232297318193,-0.006243996157540826,0.8890489913544669,0.4932756964457253,0.7026897214217099
39,,0.2752861579233139,0.0014299332697807435,0.559580552907531,0.48188751191611057,0.7106768350810295
40,,0.27301155403317034,-0.007797270955165692,0.39571150097465885,0.7022417153996101,0.7982456140350878
41,,0.38658172963515414,0.04354354354354354,0.5215215215215215,0.55005005005005,0.6871871871871872
42,,0.06094977229024012,0.1303529411764706,0.24329411764705883,0.2715294117647059,0.6597647058823529
43,,0.38621770518484455,-0.01086443079829948,0.5370807746811526,0.3528578176665092,0.8233349078885215
44,,-0.07417328392835731,-0.0018788163457022077,0.46641615782057305,0.22451855331141382,0.6852982620948802
45,,0.35133628786006277,0.11356013416387159,0.4892189746046957,0.6027791087685673,0.6751317680881649
46,,0.40717527208775683,0.12942271880819367,0.4972067039106145,0.45297951582867785,0.6890130353817505
47,,-0.10052404111552438,0.0130475302889096,0.6877912395153775,0.3592730661696179,0.8713886300093197
48,,-0.05147995480881251,0.003727865796831314,0.47157502329916123,0.26328052190121154,0.7758620689655172
49,,-0.3315713894762795,0.00615530303030303,0.37642045454545453,0.4015151515151515,0.7580492424242424
50,,-0.1440873151262032,0.02912165335838422,0.4546735556599342,0.45279473931423203,0.7355565993424142
51,,-0.07336503407055162,-0.02155576382380506,0.4240862230552952,0.3744142455482662,0.7806935332708529
52,,-0.5541292765224104,0.0353440150801131,0.27426955702167766,0.353440150801131,0.7865221489161168
53,,0.4674754362139031,0.004143646408839779,0.4530386740331492,0.3411602209944751,0.7932780847145487
54,,-0.2580104076297638,0.0019342359767891683,0.42649903288201163,0.30802707930367507,0.7359767891682786
55,,-0.016882921445305232,0.006970260223048327,0.5938661710037175,0.4079925650557621,0.7253717472118959
56,,0.4815693842661206,0.26181818181818184,0.5759090909090909,0.3940909090909091,0.7422727272727273
57,,0.09852165491324616,0.16023166023166024,0.3407335907335907,0.48986486486486486,0.775096525096525
58,,-0.05001019299333631,-0.004708097928436911,0.3804143126177024,0.19491525423728814,0.647834274952919
59,,0.0690167009736542,-0.008045433033601515,0.2863227638428774,0.2759110269758637,0.6516800757217227
60,,-0.30361362784749435,0.0666049953746531,0.5383903792784459,0.5453283996299723,0.849213691026827
61,,-0.9569348664172632,0.41268338854708947,0.6999526739233317,0.4945575011831519,0.7581637482252721
62,,0.17808648572492025,0.009298000929800094,0.33705253370525334,0.4435146443514644,0.7322175732217573
63,,0.45551626880838647,0.001431980906921241,0.5026252983293557,0.6968973747016707,0.7723150357995227
64,,0.7133732079089152,0.08527131782945736,0.4326550387596899,0.40939922480620156,0.7030038759689923
65,,-0.20474529815950016,0.024736601007787448,0.516262024736601,0.45533669262482823,0.7961520842876775
66,,-0.347403118728177,0.0166270783847981,0.05843230403800475,0.27980997624703086,0.8418052256532067
67,,0.17670809459248238,0.08509615384615385,0.4264423076923077,0.3072115384615385,0.6471153846153846
68,,-0.18322988158528597,0.046153846153846156,0.47645687645687645,0.3990675990675991,0.7636363636363637
69,,0.6013265213661927,0.08891013384321224,0.49952198852772467,0.6018164435946463,0.8025812619502868
70,,0.5111139553315827,0.006478482184173994,0.47709393799167055,0.2989356779268857,0.6760758907913004
71,,-0.1934977054876552,0.045344910757356485,0.49589966232513266,0.25180897250361794,0.8808490110950313
72,,-0.0054508650207063525,0.05706134094151213,0.08892058963385639,0.019495958155016643,0.5777460770328102
73,,-0.045512324678367744,0.019248826291079813,-0.018309859154929577,0.38967136150234744,0.5309859154929577
74,,-0.5214218245030637,-0.008083689966714217,0.43366619115549215,0.34284355682358536,0.7850689491203043
75,,0.3077873404243916,-0.002335357309668379,0.33395609528257825,0.6104624007473144,0.7580569827183559
76,,0.09503275613825402,0.0009474182851729038,0.42539081004263385,0.5348176219801042,0.7356702984367598
77,,0.48275104984211836,0.07751239296980622,0.4704821991888238,0.7183415953132042,0.9409643983776476
78,,-0.4251988645944187,0.05368171021377672,0.4646080760095012,0.4551068883610451,0.7420427553444181
79,,-0.08454962324566573,-0.017113783533765033,0.22987974098057354,0.3251618871415356,0.7779833487511564
80,,0.3930879731457111,0.06349206349206349,0.18999518999519,0.14959114959114958,0.5834535834535834
81,,0.4198143419122973,0.016791044776119403,0.5792910447761194,0.5289179104477612,0.8083022388059702
82,,0.22282233053847644,-0.0023094688221709007,0.23510392609699768,0.4267898383371824,0.8004618937644342
83,,0.43697137899016614,0.01267605633802817,0.5028169014084507,0.6272300469483568,0.6530516431924883
84,,0.35245083464367477,0.0004784688995215311,0.307177033492823,0.5047846889952153,0.7057416267942583
85,,0.01172030466601326,0.00892018779342723,0.2131455399061033,0.523943661971831,0.7014084507042253
86,,-0.3753134690465947,0.11415313225058005,0.5034802784222738,0.32900232018561487,0.8097447795823666
87,,0.34522226519030674,-0.004275534441805225,0.3515439429928741,0.4327790973871734,0.7406175771971496
88,,0.18539428993969898,0.14672897196261683,0.43598130841121496,0.7023364485981308,0.8144859813084112
89,,-0.040012223590889295,-0.0014091122592766556,0.4814466885861907,0.4598403006106153,0.7674964772193518
90,,0.22520926829012966,0.1429232192414431,0.49491211840888066,0.3635522664199815,0.7090656799259945
91,,0.5933252622176739,-0.008302583025830259,0.6203874538745388,0.5511992619926199,0.7933579335793358
92,,-0.4592054965297794,0.13166746756367131,0.3181162902450745,0.617011052378664,0.9269581931763575
93,,0.19421247174269274,0.11126893939393939,0.5383522727272727,0.7159090909090909,0.7897727272727273
94,,0.1155430628672316,0.16619183285849953,0.4468186134852801,0.31101614434947766,0.7511870845204178
95,,0.02978287386131484,0.00994789199431549,0.5708195168166745,0.37470393178588346,0.8635717669351018
96,,0.2333598980319742,0.0024108003857280617,0.26759884281581486,0.27531340405014465,0.6730954676952748
97,,0.47181716507491744,0.0,0.6480075901328273,0.47343453510436434,0.7685009487666035
98,,0.19881003349826498,-0.006996268656716418,0.3031716417910448,0.2980410447761194,0.8031716417910447
99,,-0.4781271425220348,-0.03321934538348803,0.13629702002931118,0.25793844650708353,0.6101612115290669
100,,0.24607340310358072,0.02564102564102564,0.7673314339981007,0.6590693257359924,0.9107312440645774
101,,0.5030230796163853,0.017289719626168223,0.5518691588785046,0.5285046728971963,0.8630841121495327
102,,0.442380400242667,0.02524271844660194,0.2621359223300971,0.3058252427184466,0.6271844660194175
103,,0.18254533065759038,-0.009560229445506692,0.4569789674952199,0.6950286806883366,0.8561185468451242
104,,-0.7859864694993997,0.016160626836434867,0.2267384916748286,0.5029382957884427,0.7585700293829579
105,,-0.30454260571847414,0.019972131908964234,0.2856479331165815,0.4714352066883418,0.796098467254993
106,,0.6521273332448851,0.24328147100424327,0.6355492692126355,0.4347006129184347,0.8453559641678453
107,,0.053873939388001446,0.005802707930367505,0.3351063829787234,0.3834622823984526,0.6924564796905223
108,,0.48726477950766167,0.02256361017762842,0.4368698991838694,0.4498319731156985,0.8646183389342295
109,,0.42475544076808225,0.00423728813559322,0.6285310734463276,0.4745762711864407,0.769774011299435
110,,0.6050676675029751,-0.005268199233716475,0.4444444444444444,0.45450191570881227,0.7581417624521073
111,,0.2635925756813453,-0.01775147928994083,0.5152859960552268,0.856508875739645,0.7194280078895463
112,,-0.5068755021312228,-0.04898728214790391,0.4333490343853038,0.31229392369288744,0.7366933584550165
113,,0.09319993740651888,0.02063273727647868,0.15818431911966988,0.39752407152682256,0.7780834479596516
114,,-0.00988473908228693,0.02801519468186135,0.6904083570750238,0.6671415004748338,0.8233618233618234
115,,0.3193263436184841,0.021687883074021686,0.28995756718529,0.21027817067421029,0.7180575200377181
116,,0.24690435948353828,-0.01953125,0.169921875,0.21728515625,0.51904296875
117,,0.1649250954631909,-0.004699248120300752,0.45535714285714285,0.41729323308270677,0.8045112781954887
118,,-0.05454611157071154,0.0,0.13696060037523453,0.15337711069418386,0.7326454033771107
119,,0.7143827804734642,-0.006842619745845552,0.22238514173998045,0.45161290322580644,0.5654936461388075
120,,0.0331542921129353,-0.011737089201877934,0.25539906103286386,0.612206572769953,0.6586854460093897
121,,-0.36408463189745177,0.0023540489642184556,0.3394538606403013,0.2886064030131827,0.8272128060263654
122,,0.3729280526972909,0.20853307766059445,0.5474592521572388,0.23873441994247363,0.6792905081495686
123,,0.31527725330033984,0.02674800563115908,0.22336931018301268,0.31769122477709993,0.8399812294697325
124,,-0.02402727709218233,0.003771805752003772,0.5011786892975012,0.42574257425742573,0.719000471475719
125,,0.3901608867988582,0.029657089898053754,0.47868396663577384,0.8104726598702502,0.7673772011121409
126,,0.36869456275580026,0.043478260869565216,0.46049555867227676,0.415614773258532,0.7597007947639084
127,,0.16874458488707678,-0.009250693802035153,0.3963922294172063,0.33765032377428306,0.7812210915818686
128,,0.16440016585945783,0.03259329239489844,0.47897968823807274,0.38734057628719887,0.7897968823807274
129,,0.0984932612104421,0.04567307692307692,0.4076923076923077,0.45625,0.7692307692307693
130,,-0.46952931509139617,-0.01116504854368932,0.27766990291262134,0.3029126213592233,0.6859223300970874
131,,0.599619403629033,0.05885122410546139,0.011299435028248588,0.3587570621468927,0.634180790960452
132,,0.6791587446017378,-0.00990566037735849,0.19339622641509435,0.3919811320754717,0.6882075471698114
133,,-0.052515441397916085,-0.00930460333006856,0.366307541625857,0.5362389813907933,0.7571008814887366
134,,-0.18669824110276512,0.10523875753361149,0.36114974501622626,0.45479833101529904,0.8015762633286972
135,,0.11487681020283569,0.04376784015223597,0.483349191246432,0.4200761179828735,0.6517602283539486
136,,0.2059488466072934,-0.014064697609001406,0.35724331926863573,0.5719643694327239,0.7660571964369433
137,,0.5344611882198342,-0.005560704355885079,0.15477293790546803,0.6042632066728453,0.7687673772011121
138,,0.5935441387865961,-0.03595724003887269,0.015063168124392614,0.38969873663751214,0.6054421768707483
139,,0.2730909851731216,0.05205348615090735,0.41499522445081183,0.29751671442215855,0.6356255969436485
140,,0.199088670837265,-0.0037488284910965324,0.45220243673851923,0.3444236176194939,0.6551077788191191
141,,-0.23452446669444793,0.07540826128722382,0.3371757925072046,0.3376560999039385,0.6685878962536023
142,,-0.10049068360611679,0.008306414397784956,0.5666820489155514,0.30918320258421783,0.7069681587448085
143,,-0.22792192039065995,0.03028773346794548,0.17062089853609289,0.3437657748611812,0.7511357900050479
144,,0.19898183654366974,-0.017983909133932798,0.08282063416942735,0.33601514434453383,0.660672030288689
145,,-0.6250694565494412,0.007339449541284404,0.3660550458715596,0.27844036697247704,0.9743119266055046
146,,-0.11965554728308225,-0.01430615164520744,0.290414878397711,0.5145445875059609,0.793037672865999
147,,0.43061668857053137,0.07688634192932187,0.5429799426934098,0.36962750716332377,0.9054441260744985
148,,0.4277425494046181,-0.011748120300751879,0.3449248120300752,0.48120300751879697,0.7490601503759399
149,,-0.03273904651631465,0.005717008099094807,0.35064316341114815,0.6112434492615532,0.7689375893282515
150,,-0.07260613964946838,-0.06692344727973037,0.2575830524795378,0.5690900337024555,0.6485315358690419
151,,0.23778454120469306,0.03752969121140143,0.5282660332541568,0.5995249406175772,0.6275534441805226
152,,0.17274637409330174,-0.011152416356877323,0.07713754646840149,0.1607806691449814,0.6663568773234201
153,,0.7512692073057678,0.013725490196078431,0.4004901960784314,0.6259803921568627,0.7573529411764706
154,,0.05969379609290559,0.07795823665893271,0.2185614849187935,0.29187935034802787,0.6951276102088167
155,,0.27698069954487625,0.037107516650808754,0.3044719314938154,0.35680304471931495,0.6717411988582302
156,,0.250792512805909,-0.006517690875232775,0.5069832402234636,0.398975791433892,0.7416201117318436
157,,0.06686206214820123,-0.005752636625119847,0.39932885906040266,0.3576222435282838,0.7262703739213806
158,,0.12607183323394144,-0.000473260766682442,-0.07714150496923805,0.1665877898722196,0.6644581164221486
159,,0.4074577003526496,0.001405152224824356,0.3072599531615925,0.31288056206088993,0.7241217798594848
160,,0.04550323712500992,-0.023015500234852042,0.46547674964772195,0.4922498825739784,0.7487083137623297
161,,0.21059390395936362,0.004147465437788019,0.30414746543778803,0.356221198156682,0.7534562211981567
162,,0.27093606486065136,0.006211180124223602,0.3712374581939799,0.4171046344959388,0.7386526516961299
163,,-1.112905704816976,-0.00046598322460391424,0.287977632805219,0.32152842497670087,0.728331780055918
164,,0.23452320104002666,-0.009650735294117647,0.6741727941176471,0.3304227941176471,0.8506433823529411
165,,0.13055417164339955,0.020794824399260628,0.24306839186691312,0.2268946395563771,0.844731977818854
166,,0.7134342607709883,0.1029126213592233,0.33932038834951456,0.5645631067961165,0.8990291262135922
167,,0.04623545431730758,-0.018365472910927456,0.7667584940312213,0.6859504132231405,0.9224058769513315
168,,0.38664470877016877,0.010365251727541954,0.2828232971372162,0.36130306021717673,0.6209279368213229
169,,0.4909222981010988,0.05343866171003717,0.31644981412639406,0.38150557620817843,0.7295539033457249
170,,-0.21540537851527963,0.0042452830188679245,0.29339622641509433,0.28962264150943395,0.7443396226415094
171,,0.39447217282901637,0.04937121564974383,0.239869585468095,0.25337680484396835,0.7405682347461574
172,,-0.23232762896052428,0.02541966426858513,0.47290167865707433,0.5347721822541966,0.7050359712230215
173,,-0.4869022708416133,-0.0671462829736211,0.3122302158273381,0.17985611510791366,0.7640287769784173
174,,0.3530841683235595,0.071461716937355,0.48816705336426913,0.6751740139211136,0.7563805104408353
175,,0.4122913518673941,-0.004143646408839779,0.5865561694290976,0.4208103130755064,0.6892265193370166
176,,0.3483309606280325,-0.017436380772855798,0.19792648444863337,0.6399622997172478,0.614043355325165
177,,0.09980137683789048,0.006638217164532954,0.5680417259364627,0.3935514461830251,0.6529160739687055
178,,0.26112930663545564,0.006274131274131274,0.30212355212355213,0.6568532818532818,0.7075289575289575
179,,0.13760782655899284,0.06893339543549139,0.38425710293432697,0.2827200745225897,0.7517466231951561
180,,-0.05740513391545354,0.0023408239700374533,0.6170411985018727,0.4499063670411985,0.7509363295880149
181,,0.48047837518480074,-0.00992438563327032,0.3936672967863894,0.555765595463138,0.7164461247637051
182,,0.13544886399519207,-0.017005196032120924,0.1757203589985829,0.2555503070382617,0.6060462919225319
183,,0.04192247636522328,-0.0032482598607888632,0.5893271461716937,0.4037122969837587,0.8505800464037123
184,,0.7243827742035709,-0.027241208519068846,0.31054977711738485,0.42149578999504705,0.6825160970777613
185,,-0.23358448855961766,-0.0024366471734892786,0.4273879142300195,0.5906432748538012,0.6632553606237817
186,,-0.3065870117776428,0.08305166586190246,0.6393046837276678,0.45871559633027525,0.668276195074843
187,,-0.2720234311749645,0.023414634146341463,0.3668292682926829,0.13609756097560977,0.6590243902439025
188,,-0.24418941179878217,0.013120899718837863,0.5079662605435802,0.25866916588566075,0.7553889409559512
189,,-0.09086865671789113,-0.017694882831181254,0.17073170731707318,0.38546150167384025,0.7245337159253945
190,,0.6757508801646397,0.0697350069735007,0.30404463040446306,0.5685727568572757,0.9311947931194793
191,,-0.7983664757395883,0.007369875633348687,0.20451404882542606,0.2745278673422386,0.7024412713035467
192,,0.3753922829023746,0.06676069581570286,0.31123648330982606,0.45792195580629996,0.6967559943582511
193,,-0.2068780960559402,-0.011916110581506196,0.5066730219256435,0.5076263107721639,0.7573879885605338
194,,0.11663560143686791,-0.012413793103448275,0.48413793103448277,0.5770114942528736,0.8491954022988506
195,,0.2242020927301076,-0.07580720636406177,0.4838558727187646,0.19887693027608797,0.6892840430510061
196,,-0.39963735018538493,0.017444601603017446,0.6775106082036775,0.33663366336633666,0.6327204148986327
197,,0.20936078637567013,0.028931404573028466,0.510965935604293,0.4363042463835744,0.6612225851609893
198,,-1.094136559757123,0.010787992495309569,0.4057223264540338,0.29315196998123827,0.9573170731707317
199,,-0.09787416240748037,0.04445484323818437,0.07674309780065512,0.342536265793168,0.5493682732802995
200,,-0.3867512658880594,0.0023180343069077423,0.16411682892906815,0.29624478442280944,0.6926286509040334
201,,0.29319019792979883,-0.002335357309668379,0.46146660439047177,0.6992059785147128,0.8505371321812237
202,,0.5090411281713876,-0.003283302063789869,0.3724202626641651,0.549718574108818,0.8119136960600375
203,,0.28943679742236483,0.06610800744878957,0.6135940409683427,0.648975791433892,0.8635940409683427
204,,0.11114847624658752,-0.006635071090047393,0.4194312796208531,0.1037914691943128,0.8123222748815165
205,,-0.30686674458661223,0.039786511402231925,0.37166424065987386,0.4269771955361475,0.8389131489568171
206,,-0.07977936547133613,0.002756086357372531,0.6940744143316491,0.3348644924207625,0.8994028479559026
207,,0.1391103126606854,0.050332383665717,0.19040835707502374,0.46153846153846156,0.7568850902184235
208,,0.10108456465937188,-0.010752688172043012,0.24403927068723702,0.46143057503506313,0.6993922393641889
209,,-0.21300768311625262,0.014091122592766557,0.3701268201033349,0.2090183184593706,0.8013151714419915
210,,-0.08687211681493956,-0.008788159111933395,0.6211840888066605,0.4222941720629047,0.7742830712303422
211,,0.03634057378073141,0.032730825598436736,0.15779189057156814,0.25696140693698094,0.5994137762579385
212,,0.4455639951564909,0.11711281070745698,0.44789674952198855,0.5229445506692161,0.7844168260038241
213,,-2.646712301752855,0.0037682524729156855,0.54592557701366,0.22373999057936883,0.7456429580781913
214,,-0.060751793150010336,0.006024096385542169,0.48517145505097314,0.4309545875810936,0.706209453197405
215,,0.2909079045286842,-0.02784332232184993,0.21613968853232657,0.4228409627182633,0.6375648890986314
216,,0.451326272632949,-0.008945386064030132,0.4943502824858757,0.4538606403013183,0.6850282485875706
217,,-0.054558449940122156,0.045858680393074405,0.5184838558727187,0.6279831539541413,0.8408984557791296
218,,-1.5515664385155818,0.05962441314553991,0.3948356807511737,0.315962441314554,0.6953051643192488
219,,-0.2819737106867275,-0.007386888273314866,0.6241920590951062,0.37488457987072943,0.8176361957525392
220,,-0.030024943011258465,-0.06430568499534017,0.4189189189189189,0.3765144454799627,0.8000931966449207
221,,0.9128802382602581,-0.00046904315196998124,0.5023452157598499,0.6468105065666041,0.7349906191369606
222,,0.3270623889002726,0.04803695150115474,0.41293302540415705,0.2586605080831409,0.6969976905311779
223,,0.024198918348908194,-0.0377974801679888,0.7186187587494167,0.3896406906206253,0.7419505366308913
224,,0.15716639219248085,0.24655013799448022,0.2782888684452622,0.5183992640294388,0.7897884084636615
225,,-0.2068599291477864,0.04158790170132325,0.05860113421550094,0.16209829867674858,0.7084120982986768
226,,-0.45199659263919134,-0.05181347150259067,0.05134243994347621,0.037211493170042395,0.5723033443240697
227,,-0.3772738236846007,0.07714016933207903,0.41486359360301034,0.431796801505174,0.691439322671684
228,,0.4199376064847815,0.017754318618042227,0.4716890595009597,0.7965451055662188,0.7807101727447217
229,,0.14228601555764397,0.01606046291922532,0.6542276806802079,0.38970240906943787,0.7416154936230515
230,,0.26298647404765685,0.04680851063829787,0.12198581560283688,0.2822695035460993,0.8472813238770686
231,,0.589930865620365,0.03654024051803885,0.05874190564292322,0.38575393154486587,0.6790009250693803
232,,0.7221025754357271,-0.02475728155339806,0.5368932038834952,0.5577669902912621,0.7898058252427185
233,,0.4349383589191218,0.07613741875580315,0.5399257195914577,0.5445682451253482,0.8050139275766016
234,,0.3872491376129368,0.002384358607534573,0.4754411063423939,0.5937052932761088,0.7896995708154506
235,,0.2876533011049598,0.015654648956356737,0.13330170777988615,0.4222011385199241,0.7210626185958254
236,,0.2940573797180144,-0.01403180542563143,0.4069223573433115,0.5458372310570627,0.7408793264733395
237,,0.1924384908783736,0.1286266924564797,0.46760154738878146,0.5164410058027079,0.6769825918762089
238,,0.1781988625749502,0.04281767955801105,0.6965930018416207,0.6358195211786372,0.8941068139963168
239,,0.044899767558248094,0.05775500698649278,0.49091755938518866,0.36003726129483,0.8709827666511412
240,,0.5666851269103703,0.3118279569892473,0.565684899485741,0.5928003740065451,0.8349696119682094
241,,0.1986805023910767,-0.004139834406623735,0.515639374425023,0.22401103955841767,0.6214351425942962
242,,-0.19075217949396261,0.0133210840606339,0.46991272393201655,0.37253100597152045,0.8070739549839229
243,,0.16345570442721646,-0.004241281809613572,0.13713477851083883,0.382186616399623,0.7591894439208294
244,,0.44406777529817676,0.07688634192932187,0.19627507163323782,0.603629417382999,0.720152817574021
245,,0.0361373614747067,0.1221230624706435,0.28839830906528885,0.3231564114607797,0.7853452325035227
246,,0.11077454098321171,-0.03897338403041825,0.3583650190114068,0.4344106463878327,0.7908745247148289
247,,0.6507002099955304,0.030878859857482184,0.6983372921615202,0.6251781472684086,0.7410926365795725
248,,0.314756439865405,0.006730769230769231,0.4721153846153846,0.38990384615384616,0.58125
249,,0.23894099999539353,0.0,0.3747637051039698,0.40217391304347827,0.917296786389414
250,,0.10285943787150309,0.02437902483900644,0.5372585096596136,0.48298068077276907,0.8054277828886844
251,,0.5663883108327226,0.2303370786516854,0.5135767790262172,0.5842696629213483,0.7495318352059925
252,,0.24234298877951677,0.013345605154164749,0.5269213069489186,0.38610216290842153,0.8076392084675563
253,,0.22520724375294154,0.10118203309692671,0.1702127659574468,0.7938534278959811,0.8676122931442081
254,,0.09422324413442373,0.0069605568445475635,0.40649651972157774,0.3619489559164733,0.8097447795823666
255,,0.002652964258834878,-0.04052165812761994,0.14951094550535632,0.20307405682347462,0.6394969725197951
256,,-0.05114022210839053,0.024267399267399268,0.4409340659340659,0.3914835164835165,0.7138278388278388
257,,-0.016960216705324882,-0.025866050808314087,0.3639722863741339,0.39676674364896075,0.589838337182448
258,,-0.15564383353573774,-0.0033034450212364322,0.1500707881075979,0.38084001887682867,0.8088721094856064
259,,0.7940892439809044,0.001411764705882353,0.712,0.5397647058823529,0.6324705882352941
260,,-0.10247010589512628,0.1455725544738062,0.45526193787668057,0.47705146036161333,0.8382012053778396
261,,0.17955346051717358,0.033566433566433566,0.24895104895104894,0.5538461538461539,0.6895104895104895
262,,0.36242683465759784,0.07613264829518916,0.29659037832788415,0.5520784680056049,0.7874824848201775
263,,-0.0661009848053693,-0.0009433962264150943,0.39339622641509436,0.3712264150943396,0.7891509433962264
264,,0.3818912490357671,-0.027142857142857142,0.6485714285714286,0.23333333333333334,0.7752380952380953
265,,0.7617137033532688,0.4808329389493611,0.2962612399432087,0.5929957406530999,0.9200189304306673
266,,0.06455587369997451,0.06936685288640596,0.37756052141527,0.49162011173184356,0.7937616387337058
267,,-0.1911958208840665,0.030317385125532923,0.3675982946470867,0.5196589294173377,0.7726196115585031
268,,-0.5672398167837369,-0.016430853491556367,0.46234596074851664,0.5006846188954815,0.8315837517115472
269,,0.6555166712339391,0.00528084493518963,0.22227556409025445,0.4253480556889102,0.7004320691310609
270,,0.3763397806296491,0.2028453418999541,0.5663148233134465,0.6273519963285911,0.7888939880679211
271,,0.08574149403525677,-0.03395348837209302,0.4102325581395349,0.2241860465116279,0.6172093023255814
272,,0.4506285566594044,-0.007035647279549718,0.36444652908067543,0.4554409005628518,0.6754221388367729
273,,0.21655686006780206,0.035037878787878785,0.618844696969697,0.5388257575757576,0.7940340909090909
274,,0.18786803512984118,-0.023456199138343705,0.5213020584011488,0.3518429870751556,0.6486357108664432
275,,0.49976365484601537,0.002386634844868735,0.5875894988066825,0.5422434367541766,0.6930787589498807
276,,-0.058335032280917076,-0.0484903934126258,0.4656907593778591,0.4638609332113449,0.7438243366880146
277,,0.12392299630614634,0.04962546816479401,-0.00749063670411985,0.39279026217228463,0.7331460674157303
278,,0.13641047861393574,0.02838221381267739,0.10312204351939451,0.39214758751182593,0.7786187322611163
279,,0.04146690745155013,0.03510392609699769,0.28960739030023097,0.4092378752886836,0.8665127020785219
280,,0.017770387506621077,0.0222325150532654,0.396479851783233,0.40620657711903657,0.9263547938860583
281,,0.9709265473786637,0.013480982185844969,0.3490611458834858,0.41646605681271065,0.7120847376023111
282,,0.2605248896765038,0.008015087223008015,0.5271098538425271,0.17774634606317774,0.7015558698727016
283,,0.4646853873182617,-0.014360938247965534,0.4427955959789373,0.5945428434657731,0.6357108664432743
284,,0.012902266992300682,0.09296724470134875,0.40028901734104044,0.2663776493256262,0.7230250481695568
285,,0.005567732887135524,0.1772684752104771,0.37277829747427504,0.25257249766136575,0.8498596819457437
286,,0.3593626158697645,0.00048638132295719845,0.05009727626459144,0.25437743190661477,0.6819066147859922
287,,-0.30489305674359546,0.013580805794477138,0.02399275690357628,0.27206880941602535,0.6835672249886826
288,,0.2944257411701994,0.08072795146990201,0.353243117125525,0.33411105926271584,0.7956136257582828
289,,-0.3217043526045775,-0.04402224281742354,0.6394810009267841,0.4522706209453197,0.8044485634847081
290,,0.07478109445779424,0.08652946679139382,0.47661365762394764,0.3863423760523854,0.8891487371375117
291,,-0.7912379713938935,-0.01304978250362494,0.12228129531174481,0.07733204446592556,0.6002899951667472
292,,0.1082844404356913,-0.013120899718837863,0.29896907216494845,0.5759137769447048,0.6921274601686973
293,,0.3262487870770294,-0.02959135744480977,0.29168623767026775,0.3475810239549084,0.6397369657116017
294,,0.12103054320723405,0.01609086606720303,0.45196403218173214,0.3696166587789872,0.7799337434926644
295,,-0.9148085953860199,0.1648096564531105,0.11884865366759517,0.37418755803156917,0.6666666666666666
296,,-0.03237749879143914,0.02095238095238095,0.47095238095238096,0.38,0.7123809523809523
297,,0.349421258083745,0.04583723105706267,0.372310570626754,0.5570626753975678,0.7951356407857811
298,,-0.3725514840812094,-0.014077897700610043,0.678085405912717,0.48334115438761144,0.7067104645706241
299,,0.582058187642331,0.018365472910927456,0.4765840220385675,0.5022956841138659,0.696969696969697
300,,0.5203500670172603,0.06702544031311154,0.587573385518591,0.600293542074364,0.7010763209393346
301,,0.2157578466949479,0.2332859174964438,0.22522522522522523,0.30915125651967756,0.6865813181602656
302,,-0.36078179059025794,0.14345794392523364,0.24766355140186916,0.30794392523364483,0.7663551401869159
303,,-0.041467895505412855,0.023618327822390175,0.6957959376476146,0.49126121870571565,0.8469532357109116
304,,0.17843983613761694,0.043041606886657105,0.258727881396461,0.3266379722620756,0.6700143472022956
305,,-0.15365828727726072,-0.0014058106841611997,0.39737582005623245,0.3856607310215558,0.7080599812558576
306,,-0.36530538367931475,-0.03564547206165703,0.4773603082851638,0.273121387283237,0.5366088631984586
307,,0.5145944184549536,0.16324535679374388,0.1744868035190616,0.229227761485826,0.696969696969697
308,,0.029145979941004985,-0.030120481927710843,0.25764596848934196,0.4555143651529194,0.7900834105653383
309,,0.12317223886153483,0.024941176470588234,0.4461176470588235,0.4588235294117647,0.8310588235294117
310,,-0.31622852708804094,0.009557344064386318,0.4396378269617706,0.5120724346076458,0.7057344064386318
311,,-0.4079260043591373,0.2511520737327189,0.6055299539170507,0.5622119815668203,0.8230414746543778
312,,0.25193859881251557,-0.012563983248022336,0.38203815728245694,0.3634248487668683,0.7007910656119125
313,,0.10135481896405674,-0.1046780917091246,0.35201482167670217,0.4997684113015285,0.8050023158869847
314,,0.4690393674037634,0.002369668246445498,0.17156398104265402,0.37345971563981045,0.8118483412322275
315,,-0.1788276618415221,-0.038553069966682535,0.3117563065207044,0.4683484055211804,0.7306044740599714
316,,0.06113155588347663,0.021863117870722433,0.5061787072243346,0.4358365019011407,0.8141634980988594
317,,0.5184973779864444,0.00925497454881999,0.4747801943544655,0.45812124016658956,0.7353077279037482
318,,-0.532700001561127,-0.015187470336971999,0.3882297104888467,0.2686283815851922,0.8115804461319411
319,,0.2007374222225362,0.01875293014533521,0.07501172058134084,0.37365213314580403,0.8677918424753868
320,,0.5759879838847706,0.2729016786570743,0.5577937649880096,0.5155875299760192,0.875779376498801
321,,0.17188779659508535,0.05118483412322275,0.33744075829383885,0.33696682464454975,0.7758293838862559
322,,-1.465899916763378,0.0,0.5551257253384912,0.35493230174081236,0.9081237911025145
323,,0.34467750745872694,0.1449343339587242,0.3409943714821764,0.3151969981238274,0.7565666041275797
324,,0.07338323667370394,0.025998142989786442,0.14948932219127206,0.18848653667595172,0.6866295264623955
325,,0.16780543564544148,0.09822263797942002,0.7029934518241348,0.38868101028999064,0.9513564078578111
326,,0.11576462188812275,0.08839779005524862,0.4488950276243094,0.1634438305709024,0.7895948434622467
327,,-0.6859492724517855,-0.007462686567164179,0.4980099502487562,0.48756218905472637,0.7855721393034826
328,,0.5176013485764175,0.024208566108007448,0.462756052141527,0.5870577281191807,0.9031657355679702
329,,0.5863730150417346,-0.013598834385624089,0.5847498785818358,0.44099077221952404,0.8096163186012627
330,,0.43850880763335587,0.03608736942070275,0.18138651471984804,0.4202279202279202,0.7331433998100665
331,,0.43972365064147567,0.21619047619047618,0.5295238095238095,0.45,0.7566666666666667
332,,-0.48942776653022513,0.10778443113772455,0.35006909258406266,0.44035006909258406,0.8484569322892677
333,,-0.35711261609008016,0.028229665071770334,0.3181818181818182,0.35741626794258374,0.7741626794258373
334,,-0.45209516992941223,0.007951356407857811,0.5374181478016838,0.3844714686623012,0.7273152478952292
335,,0.6290580423160885,-0.016167379933428434,0.35235378031383735,0.5183071802187351,0.64717070851165
336,,0.5083839169467543,-0.011532916866890917,0.20134550696780393,0.3459875060067275,0.6011532916866891
337,,-0.10094950511344658,0.09090909090909091,0.5166975881261595,0.6247680890538033,0.7838589981447124
338,,-0.201397408743631,0.012999518536350506,0.1189215214251324,-0.01059220028887819,0.49590755897929706
339,,0.20234846276555407,0.0850164396430249,0.3330201972757163,0.44293095349929545,0.7581023954908408
340,,-2.5358183129359375,0.0145,0.5965,0.3645,0.68
341,,-0.25991773692033293,-0.01268796992481203,0.24671052631578946,0.3524436090225564,0.7960526315789473
342,,0.08630924370521154,0.021377672209026127,0.4437054631828979,0.4147268408551069,0.8422802850356295
343,,-0.0665844198013752,0.005706134094151213,0.3076557299096529,0.4198763670946267,0.7893485496909177
344,,0.3561310207885695,-0.010793054903801032,0.4387611450023463,0.6076959174096668,0.8456123885499766
345,,-0.10729977014527137,-0.003795066413662239,0.3752371916508539,0.650853889943074,0.8078747628083491
346,,0.047837469278666944,-0.014012143858010275,0.3507706679121906,0.28164409154600656,0.7585240541802896
347,,0.2325442557103572,0.07952380952380952,0.16380952380952382,0.3261904761904762,0.8428571428571429
348,,0.6312043135637797,-0.002777777777777778,0.38796296296296295,0.5736111111111111,0.7787037037037037
349,,0.04255082103320973,-0.05434782608695652,0.30954631379962194,0.21030245746691872,0.6351606805293005
350,,-0.3703409753025877,-0.005147402901263453,0.18343472157229762,0.3284978942442677,0.731399157697707
351,,-1.6429671703587587,0.04007369875633349,0.2588668816213726,0.11423307231690465,0.7618608935974206
352,,0.31954568265520766,0.1210551106924164,0.3151201130475742,0.5383890720678285,0.8016957136128121
353,,-0.1050243952145613,-0.0004640371229698376,0.5364269141531323,0.3777262180974478,0.7559164733178654
354,,0.15433094704851547,0.0787511649580615,0.11090400745573159,0.4412861136999068,0.7241379310344828
355,,0.17227062891594436,-0.004694835680751174,0.29859154929577464,0.3403755868544601,0.6784037558685446
356,,-0.6258148071487781,-0.004524886877828055,0.6370035193564605,0.5419808949220714,0.8989441930618401
357,,0.5375866592764393,-0.01705855232826187,0.48040571692023976,0.2798524665744583,0.6947902259105578
358,,0.10413507397863775,0.01054562127464466,0.4667583677212288,0.5162769371847776,0.7143512150389729
359,,0.22604476962293818,0.01317027281279398,0.2328316086547507,0.4727187206020696,0.9482596425211665
360,,-0.0890366537781655,0.0004807692307692308,0.3384615384615385,0.44134615384615383,0.8754807692307692
361,,0.35404661906743096,0.09493087557603687,0.5198156682027649,0.4732718894009217,0.8327188940092166
362,,0.3069804499160824,0.01870503597122302,0.38321342925659474,0.4762589928057554,0.7338129496402878
363,,0.4477163699779134,-0.010662957811775614,0.6369958275382476,0.5363931386184515,0.7468706536856745
364,,0.09642819560942462,0.0,0.4895833333333333,0.5762310606060606,0.6515151515151515
365,,0.20510585390452585,0.07086247086247087,0.4666666666666667,0.5314685314685315,0.7734265734265734
366,,0.43446402402358286,0.07369402985074627,0.3931902985074627,0.7201492537313433,0.7084888059701493
367,,0.16959672992895314,-0.0037611659614480487,0.2750352609308886,0.3530794546309356,0.691114245416079
368,,0.30908439509921726,0.008106819265617548,0.4430138292799237,0.30090605627086314,0.6213638531235097
369,,0.544702420853878,0.08994197292069632,0.4564796905222437,0.3529980657640232,0.6218568665377177
370,,-0.02416314403567066,-0.0023430178069353325,0.316776007497657,0.5656044985941893,0.6387066541705717
371,,0.2967098397462813,0.09278846153846154,0.5081730769230769,0.7725961538461539,0.8120192307692308
372,,0.7443606186054641,0.0873015873015873,0.08823529411764706,0.2801120448179272,0.7404295051353875
373,,0.09297999538035295,0.029639762881896944,0.387140902872777,0.19425444596443228,0.8559051527587779
374,,0.12383505296263131,0.12804878048780488,0.39634146341463417,0.400562851782364,0.7124765478424016
375,,0.306051766258856,-0.023774866569626393,0.581756428918001,0.462882096069869,0.737506065016982
376,,0.07021102216428599,-0.005727923627684964,0.4606205250596659,0.4739856801909308,0.7465393794749403
377,,0.40678112300275027,0.01713756368689208,0.6303844372394627,0.48216767021769336,0.7841593330245484
378,,-0.42314064590283085,-0.02387914230019493,0.36306042884990253,0.24269005847953215,0.5735867446393762
379,,-0.03844219042524033,0.011992619926199263,0.21033210332103322,0.3173431734317343,0.8768450184501845
380,,0.46928319079210157,0.008283479061205707,0.5577542567878508,0.7473538886332259,0.7680625862862402
381,,0.02119104971587671,0.021901443504230962,0.30313588850174217,0.4290691886510702,0.6600298656047785
382,,-0.05493218728737004,-0.016042780748663103,0.7170636849781235,0.3772484200291687,0.6757413709285367
383,,0.11720606491182961,0.016263940520446097,0.4972118959107807,0.4028810408921933,0.7518587360594795
384,,0.329901907612939,0.028087167070217918,0.42227602905569006,0.4435835351089588,0.7181598062953995
385,,0.21086417385394007,-0.002866698518872432,0.2460582895365504,0.21930243669374105,0.7080745341614907
386,,0.36606160143027466,-0.01486810551558753,0.5184652278177458,0.4163069544364508,0.6858513189448441
387,,0.12244256729158032,0.2173274596182085,0.2094958394517866,0.3891336270190896,0.7508565834557024
388,,0.017260410570041795,0.008157389635316698,0.28742802303262954,0.5542226487523992,0.6573896353166987
389,,0.23576167023519679,-0.01783132530120482,0.1672289156626506,0.5421686746987951,0.8366265060240964
390,,-0.09898029405126163,0.023344449737970462,0.2834683182467842,0.4078132444020962,0.7236779418770843
391,,-0.3850212619526667,0.030160226201696512,0.21394910461828465,-0.034872761545711596,0.6239396795475967
392,,0.24647590785524498,-0.006132075471698114,0.14952830188679245,0.5448113207547169,0.6518867924528302
393,,-0.1188467647760052,0.0367955286446204,0.2850489054494644,0.28365160689333957,0.808104331625524
394,,0.14006918659730516,-0.027078384798099764,0.1876484560570071,0.15486935866983373,0.4845605700712589
395,,-0.6625399878090503,0.002321262766945218,0.12581244196843083,0.44939647168059427,0.8180129990714949
396,,0.21444246903206787,0.0018596001859600185,0.3728498372849837,0.46257554625755465,0.9507205950720595
397,,0.0008320384578412998,-0.0004640371229698376,0.3962877030162413,0.2904872389791183,0.7893271461716937
398,,0.5284822797663953,-0.006864988558352402,0.7231121281464531,0.37803203661327234,0.8782608695652174
399,,-0.007109847351880472,0.024295432458697766,0.5072886297376094,0.3522837706511176,0.6676384839650146
